jurisdiction,name,field,value_civicpatch,value_tml
place:addison,Marlin Willesen,phones,(972) 233-4222,(972) 450-7000
place:alamo_heights,Al Honigblum,phones,(210) 882-1511,(210) 822-3331
place:alamo_heights,Lawson Jessee,phones,(210) 882-1512,(210) 822-3331
place:alamo_heights,Karl P. Baker,phones,(210) 882-1513,(210) 822-3331
place:alamo_heights,Blake M. Bonner,phones,(210) 882-1514,(210) 822-3331
place:alamo_heights,Lynda Billa Burke,phones,(210) 882-1515,(210) 822-3331
place:alamo_heights,Trey Jacobson,phones,(210) 882-1516,(210) 822-3331
place:allen,Ben Trahan,phones,(214) 509-4126,(214) 509-4100
place:allen,Amy Gnadt,phones,(214) 509-4124,(214) 509-4100
place:alpine,Rick Stephens,phones,(714) 262-5089,(432) 837-3301
place:alvarado,Jacob Wheat,phones,(817) 821-9240,(817) 790-3351
place:alvarado,Kevin Thomas,division_ocdid,ocd-division/country:us/state:tx/place:alvarado/ward:3,ocd-division/country:us/state:tx/place:alvarado
place:alvarado,Carrie Keeton,division_ocdid,ocd-division/country:us/state:tx/place:alvarado/ward:1,ocd-division/country:us/state:tx/place:alvarado
place:alvarado,Beverly Short,division_ocdid,ocd-division/country:us/state:tx/place:alvarado/ward:1,ocd-division/country:us/state:tx/place:alvarado
place:alvarado,Lydia Moon,division_ocdid,ocd-division/country:us/state:tx/place:alvarado/ward:2,ocd-division/country:us/state:tx/place:alvarado
place:alvarado,Cherry Bryant,division_ocdid,ocd-division/country:us/state:tx/place:alvarado/ward:2,ocd-division/country:us/state:tx/place:alvarado
place:alvarado,Scott Arthur,division_ocdid,ocd-division/country:us/state:tx/place:alvarado/ward:3,ocd-division/country:us/state:tx/place:alvarado
place:alvord,Caleb Caviness,phones,(682) 472-5887,(940) 427-5916
place:amarillo,Cole Stanley,phones,(806) 584-6175,(806) 378-3014
place:amarillo,Tim Reid,phones,(806) 376-0780,(806) 378-3000
place:amarillo,Don Tipps,phones,(806) 673-7770,(806) 378-3014
place:amarillo,David Prescott,phones,(806) 674-6062,(806) 378-3000
place:amarillo,Les Simpson,phones,(806) 681-9452,(806) 378-3014
place:amherst,Clinton Sawyer,phones,(806) 246-3421,(806) 246-7704
place:angus,Julie Humphries,phones,(902) 879-0029,(903) 874-3513
place:appleby,Greg Caldwell,phones,(936) 554-1048,(936) 564-7169
place:arlington,Jim Ross,phones,(817) 459-6122,(817) 459-6100
place:arlington,Bowie Hogg,division_ocdid,ocd-division/country:us/state:tx/place:arlington,ocd-division/country:us/state:tx/place:arlington/council_district:7
place:arlington,Nikkie Hunter,phones,(817) 459-6141,(817) 459-6100
place:arlington,Andrew Piel,phones,(817) 459-6141,(817) 459-6100
place:arlington,Barbara Odom-Wesley,division_ocdid,ocd-division/country:us/state:tx/place:arlington,ocd-division/country:us/state:tx/place:arlington/council_district:8
place:atlanta,Marshall James Brooks,phones,(903) 799-9495,(903) 796-2192
place:atlanta,Kevin Sherman,phones,(903) 701-0208,(903) 796-2192
place:atlanta,"Chris E. Collins, Sr.",phones,(903) 796-5569,(903) 796-2192
place:atlanta,Larry Breashears,phones,(903) 278-7247,(903) 796-2192
place:aurora,Ron Pellegrini,phones,(817) 915-7873,(817) 636-2783
place:austin,Kirk Watson,phones,(512) 978-2100,(512) 974-2000
place:azle,"Rouel Rothenberger, Jr.",phones,(817) 237-6819,(817) 444-2541
place:balcones_heights,"Johnny A. Rodriguez, Jr.",phones,(210) 957-3540,(210) 722-3769
place:balmorhea,John L. Davis,phones,(432) 755-6987,(432) 375-2307
place:balmorhea,Joy Lewis,phones,(432) 755-6666,(432) 375-2307
place:balmorhea,Julie Lewis,phones,(979) 229-8670,(432) 375-2307
place:bartonville,Jaclyn Carrington,phones,(817) 403-0051,(817) 693-5280
place:bartonville,Matt Chapman,phones,(817) 905-2539,(817) 693-5280
place:bartonville,Clay Sams,phones,(972) 814-6099,(817) 693-5280
place:bartonville,Margie Arens,phones,(817) 905-3217,(817) 693-5280
place:bastrop,Ishmael Harris,phones,(512) 718-5957,(512) 332-8800
place:bastrop,John Kirkland,phones,(512) 718-5102,(512) 332-8800
place:bastrop,Perry Lowe,phones,(512) 718-6995,(512) 332-8800
place:bastrop,Cynthia Meyer,phones,(512) 718-9300,(512) 332-8800
place:bastrop,Kevin Plunkett,phones,(512) 718-5421,(512) 332-8800
place:bastrop,Kerry Fossler,phones,(512) 718-6601,(512) 332-8800
place:bay_city,Robert Nelson,phones,(979) 245-2137,(979) 245-5311
place:baytown,Charles Johnson,phones,(281) 420-6500,(281) 422-8281
place:baytown,Laura Alvarado,phones,(281) 420-6500,(281) 422-8281
place:baytown,Sarah Graham,phones,(281) 420-6500,(281) 422-8281
place:baytown,Ken Griffith,phones,(281) 420-6500,(281) 422-8281
place:baytown,James Franco,phones,(281) 420-6500,(281) 422-8281
place:baytown,Jacob Powell,phones,(281) 420-6500,(281) 422-8281
place:baytown,Mike Lester,phones,(281) 420-6500,(281) 422-8281
place:bayview,Gary E. Paris,phones,(210) 632-5253,(956) 233-6445
place:bayview,Ron Heinz,phones,(956) 559-9565,(956) 233-6445
place:bayview,Shelby McNabb,phones,(956) 579-9480,(956) 233-6445
place:bayview,Gabriel I. Najera,phones,(956) 434-9872,(956) 233-6445
place:bear_creek,Mark Bohm,phones,(512) 289-6458,(512) 217-3612
place:bear_creek,Al Brushwood,phones,(979) 864-9618,(512) 217-3612
place:bear_creek,Trent Brackenridge,phones,(573) 268-0605,(512) 217-3612
place:bedias,Gwen Boullion,phones,(979) 575-0267,(936) 395-1119
place:bedias,Robert Upchurch,phones,(936) 395-1119,(936) 395-2431
place:benavides,Ramiro Saenz,phones,(361) 256-3283,(361) 227-1906
place:benavides,Angelita Pena,phones,(361) 256-3283,(361) 256-3383
place:benavides,Arturo Guzman,phones,(361) 256-3283,(361) 256-3383
place:benavides,Benjamin Franco,phones,(361) 256-3283,(361) 256-3383
place:benavides,Juan J. Hernandez,phones,(361) 256-3283,(361) 256-3383
place:benavides,Roberto Garcia,phones,(361) 256-3283,(361) 256-3383
place:berryville,Dennis Selby,phones,(903) 876-3763,(281) 300-6865
place:bevil_oaks,Cheri Mitchell,phones,(409) 767-6514,(409) 753-1475
place:bevil_oaks,Louis Merendino,phones,(409) 466-3193,(409) 753-1475
place:bevil_oaks,Roger Mannette,phones,(832) 830-2719,(409) 753-1475
place:bevil_oaks,Lonnie Clayton,phones,(832) 528-9091,(409) 753-1475
place:bevil_oaks,Stephanie Cramer,phones,(409) 550-0159,(409) 753-1475
place:bevil_oaks,Jeff Thibodeaux,phones,(409) 351-2682,(409) 753-1475
place:bevil_oaks,Jim Wright,phones,(409) 791-3608,(409) 753-1475
place:big_sandy,Linda Baggett,phones,(903) 720-4021,(903) 636-4343
place:big_sandy,Rex Rozell,phones,(903) 570-6418,(903) 636-4343
place:big_spring,Cody Hughes,phones,(432) 264-2401,(432) 263-0234
place:blanco,Candy Cargill,phones,(830) 833-4525 ext. 100,(830) 833-4525
place:blossom,Phillip Bolton,phones,(903) 491-6793,(903) 982-5900
place:blossom,Brad Sessums,phones,(903) 982-6940,(903) 982-5900
place:blossom,Deanna Ramsey,phones,(903) 491-6343,(903) 982-5900
place:blossom,Charles Jones,phones,(903) 732-7537,(903) 982-5900
place:bogata,Dakota Ross,phones,(903) 632-5315,(903) 285-1169
place:bonham,John Burnett,phones,(903) 583-7555 ext. 114,(903) 583-7555
place:bonham,Kevin Hayes,phones,(903) 583-7555 ext. 114,(903) 583-7555
place:bonham,Sam Fox,phones,(903) 583-7555 ext. 114,(903) 583-7555
place:bonham,Clark Smith,phones,(903) 583-7555 ext. 114,(903) 583-7555
place:bonham,Allen Sanderson,phones,(903) 583-7555 ext. 114,(903) 583-7555
place:bonham,Ernie Quintana,phones,(903) 583-7555 ext. 114,(903) 583-7555
place:borger,Karen Felker,phones,(806) 626-7326,(806) 273-0902
place:borger,"Charles ""Pete"" Loftis",phones,(806) 433-3636,(806) 273-0900
place:bowie,Gaylynn Burris,phones,(940) 872-1114 ext. 121,(940) 872-1114
place:bowie,Brent Shaw,phones,(940) 872-1114 ext. 121,(940) 872-1114
place:bowie,Laramie Truax,phones,(940) 872-1114 ext. 121,(940) 872-1114
place:bowie,Stephanie Post,phones,(940) 872-1114 ext. 121,(940) 872-1114
place:bowie,Brandon Walker,phones,(940) 872-1114 ext. 121,(940) 872-1114
place:bowie,Boyd Hulstine,phones,(940) 872-1114 ext. 121,(940) 872-1114
place:bowie,Laura Sproles,phones,(940) 872-1114 ext. 121,(940) 872-1114
place:brenham,Steve Soman,division_ocdid,ocd-division/country:us/state:tx/place:brenham/ward:1,ocd-division/country:us/state:tx/place:brenham
place:brenham,Albert Wright,division_ocdid,ocd-division/country:us/state:tx/place:brenham/ward:2,ocd-division/country:us/state:tx/place:brenham
place:brenham,"Paul F. LaRoche, III",division_ocdid,ocd-division/country:us/state:tx/place:brenham/ward:3,ocd-division/country:us/state:tx/place:brenham
place:brenham,Adonna Saunders,division_ocdid,ocd-division/country:us/state:tx/place:brenham/ward:4,ocd-division/country:us/state:tx/place:brenham
place:bridgeport,Randy Singleton,phones,(940) 683-3415,(940) 683-3400
place:brownsboro,Adam McLean,phones,(903) 484-4449,(903) 852-2401
place:brownsville,"John Cowen, Jr.",phones,(956) 548-6007,(956) 548-6001
place:brownsville,Bryan L. Martinez,phones,(956) 548-6007,(956) 548-6001
place:brownsville,Bryan L. Martinez,division_ocdid,ocd-division/country:us/state:tx/place:brownsville/district:1,ocd-division/country:us/state:tx/place:brownsville/council_district:1
place:brownsville,Linda C. Macias,phones,(956) 548-6007,(956) 548-6001
place:brownsville,Linda C. Macias,division_ocdid,ocd-division/country:us/state:tx/place:brownsville/district:2,ocd-division/country:us/state:tx/place:brownsville/council_district:2
place:brownsville,Gustavo De León,phones,(956) 548-6007,(956) 548-6001
place:brownsville,Gustavo De León,division_ocdid,ocd-division/country:us/state:tx/place:brownsville/district:3,ocd-division/country:us/state:tx/place:brownsville/council_district:3
place:brownsville,Pedro Cardenas,phones,(956) 548-6007,(956) 548-6001
place:brownsville,Pedro Cardenas,division_ocdid,ocd-division/country:us/state:tx/place:brownsville/district:4,ocd-division/country:us/state:tx/place:brownsville/council_district:4
place:brownsville,"Tino Villarreal, Jr.",phones,(956) 548-6007,(956) 548-6001
place:brownsville,Nurith Galonsky,phones,(956) 548-6007,(956) 548-6001
place:bruceville-eddy,Linda Owens,phones,(254) 859-5700,(254) 859-5964
place:bryan,James Edge,division_ocdid,ocd-division/country:us/state:tx/place:bryan/council_district:4,ocd-division/country:us/state:tx/place:bryan
place:bryan,Paul Torres,division_ocdid,ocd-division/country:us/state:tx/place:bryan/council_district:1,ocd-division/country:us/state:tx/place:bryan
place:bryan,Ray Arrington,division_ocdid,ocd-division/country:us/state:tx/place:bryan/council_district:2,ocd-division/country:us/state:tx/place:bryan
place:bryan,Jared Salvato,division_ocdid,ocd-division/country:us/state:tx/place:bryan/council_district:3,ocd-division/country:us/state:tx/place:bryan
place:bryan,Marca Ewers-Shurtleff,division_ocdid,ocd-division/country:us/state:tx/place:bryan/council_district:5,ocd-division/country:us/state:tx/place:bryan
place:buda,LaVonia Horne-Williams,phones,(512) 312-0084,(512) 878-3755
place:buffalo,Jerrod Jones,phones,(903) 322-4741,(903) 322-5909
place:bulverde,Helen Hays,phones,(830) 438-3612,(830) 980-8832
place:bulverde,Jason Krawietz,phones,(830) 438-3612,(830) 980-8832
place:bulverde,Francesca Watson,phones,(830) 438-3612,(830) 980-8832
place:bulverde,Ted Hawkins,phones,(830) 438-3612,(830) 380-0003
place:bulverde,Clint Hays,phones,(830) 438-3612,(830) 980-8832
place:bulverde,Joe Alexandre,phones,(830) 438-3612,(830) 980-8832
place:bulverde,Christopher Goth,phones,(830) 438-3612,(830) 980-8832
place:burleson,Chris Fletcher,phones,(817) 426-9691,(817) 426-9687
place:burleson,Dan McClendon,phones,(817) 426-9697,(817) 426-9600
place:burleson,Victoria Johnson,phones,(817) 426-9692,(817) 426-9600
place:burleson,Alexa Boedeker,phones,(817) 426-9694,(817) 426-9600
place:burnet,Gary Wideman,phones,(512) 715-3209,(512) 756-6093
place:burnet,Philip Thurman,phones,(512) 715-3209,(512) 756-6093
place:burnet,Cindia Talamantez,phones,(512) 715-3209,(512) 756-6093
place:burnet,Joyce Laudenschlager,phones,(512) 715-3209,(512) 756-6093
place:burnet,Ricky Langley,phones,(512) 715-3209,(512) 756-6093
place:burnet,Tommy Gaut,phones,(512) 715-3209,(512) 756-6093
place:cactus,Socorro Marquez,phones,(806) 655-5000 ext. 223,(806) 966-5458
place:cactus,Adan Estrada,phones,(806) 655-5000 ext. 223,(806) 966-5458
place:cactus,Cleo Castro,phones,(806) 655-5000 ext. 223,(806) 966-5458
place:cactus,Lorenzo Castaneda,phones,(806) 655-5000 ext. 223,(806) 966-5458
place:cactus,Raul Ceniceros,phones,(806) 655-5000 ext. 223,(806) 966-5458
place:caldwell,Janice Easter,phones,(979) 567-3271 ext. 900,(979) 567-3271
place:caldwell,Gary Easter,phones,(979) 567-3271 ext. 901,(979) 567-3271
place:caldwell,Kavon Novak,phones,(979) 567-3271 ext. 902,(979) 567-3271
place:canadian,Terrill Bartlett,phones,(806) 323-6473,(806) 323-6444
place:canadian,Ashlee Talley,phones,(806) 323-6473,(214) 783-7512
place:carrollton,Steve Babick,phones,(972) 466-3167,(972) 466-3001
place:carrollton,Christopher Axberg,phones,(972) 466-3205,(972) 466-3001
place:carrollton,Jason Carpenter,phones,(972) 466-4235,(972) 466-3001
place:carrollton,Richard Fleming,phones,(972) 466-3203,(972) 466-3001
place:carrollton,Andrew Palacios,phones,(972) 466-4231,(972) 466-3001
place:carrollton,Nancy S. Cline,phones,(972) 466-3082,(972) 466-3001
place:carrollton,Daisy Palomo,phones,(972) 466-4232,(972) 466-3001
place:carrollton,Rowena Watters,phones,(972) 466-3088,(972) 466-3001
place:castle_hills,JR Trevino,phones,(210) 559-5940,(210) 342-2341
place:castle_hills,Denise Haley,phones,(210) 596-9686,(210) 342-2341
place:castle_hills,Kurt May,phones,(210) 273-8134,(210) 342-2341
place:castroville,Sheena Martinez,phones,(830) 931-1328,(830) 931-4070
place:castroville,Phil King,phones,(210) 355-6546,(830) 931-4070
place:castroville,David Merz,phones,(618) 406-2940,(830) 931-4070
place:cedar_hill,Stephen Mason,phones,(972) 291-5100 ext. 1012,(972) 291-5100
place:cedar_hill,Gregory Glover,phones,(972) 291-5100 ext. 1011,(972) 291-5100
place:cedar_hill,Gerald L. Malone,phones,(972) 291-5100 ext. 1011,(972) 291-5100
place:cedar_hill,Daniel C. Haydin Jr.,phones,(972) 291-5100 ext. 1011,(972) 291-5100
place:cedar_hill,Alan E. Sims,phones,(972) 291-5100 ext. 1011,(972) 291-5100
place:cedar_hill,Chad A. McCurdy,phones,(972) 291-5100 ext. 1011,(972) 291-5100
place:cedar_hill,Maranda K. Auzenne,phones,(972) 291-5100 ext. 1011,(972) 291-5100
place:cedar_park,Jim Penniman-Morin,phones,(512) 923-4472,(512) 401-5000
place:cedar_park,Eric Boyce,phones,(512) 879-8266,(512) 401-5000
place:cedar_park,Alexis Frezza,phones,(512) 290-3121,(512) 401-5000
place:cedar_park,Mel Kirkland,phones,(512) 987-5156,(512) 401-5000
place:cedar_park,Anne Duffy,phones,(737) 231-3612,(512) 401-5000
place:celeste,Chris White,phones,(903) 217-4446,(903) 568-4512
place:center,Howell Howard,division_ocdid,ocd-division/country:us/state:tx/place:center,ocd-division/country:us/state:tx/place:center/council_district:3
place:center,Joyce Johnson,division_ocdid,ocd-division/country:us/state:tx/place:center,ocd-division/country:us/state:tx/place:center/council_district:1
place:center,Randy Collard,division_ocdid,ocd-division/country:us/state:tx/place:center,ocd-division/country:us/state:tx/place:center/council_district:4
place:center,Tracy Bolton,division_ocdid,ocd-division/country:us/state:tx/place:center,ocd-division/country:us/state:tx/place:center/council_district:2
place:chillicothe,Cathy Young,phones,(940) 839-9393,(940) 852-5211
place:chillicothe,Monica Vidaurri,phones,(940) 414-3089,(940) 852-5211
place:chillicothe,Bradley Fisher,phones,(940) 886-8612,(940) 852-5211
place:cibolo,Kara Latimer,phones,(210) 870-4132,(210) 658-9900
place:clarksville,Ann Rushing,phones,(903) 427-3834 ext. 260,(903) 427-3834
place:clear_lake_shores,Rick Fisher,phones,(832) 439-3319,(281) 334-2799
place:clear_lake_shores,Jeff Terrell,phones,(281) 772-3478,(281) 334-2799
place:cleburne,John Warren,division_ocdid,ocd-division/country:us/state:tx/place:cleburne/council_district:4,ocd-division/country:us/state:tx/place:cleburne
place:clute,Calvin Shiflet,phones,(979) 487-9678,(979) 265-2541
place:clute,Erick Aguilar,phones,(979) 418-3290,(979) 265-2541
place:clute,Nicole Maddox,phones,(979) 480-6560,(979) 265-2541
place:clute,Joe Lopez,phones,(979) 418-3304,(979) 265-2541
place:clyde,David Mann,phones,(325) 893-4234,(323) 338-8807
place:coahoma,Jay Holt,phones,(432) 394-4287,(432) 517-1769
place:coahoma,Eric Barber,phones,(432) 394-4287,(432) 248-2286
place:coleman,Tommy Sloan,phones,(325) 625-5114,(325) 625-4116
place:coleman,Tracy Rankin,phones,(325) 625-5114,(325) 625-4116
place:coleman,Tracy Rankin,division_ocdid,ocd-division/country:us/state:tx/place:coleman/ward:north,ocd-division/country:us/state:tx/place:coleman
place:coleman,Beau Brudney,phones,(325) 625-5114,(325) 625-4116
place:coleman,Beau Brudney,division_ocdid,ocd-division/country:us/state:tx/place:coleman/ward:east,ocd-division/country:us/state:tx/place:coleman
place:coleman,Monte Sides,phones,(325) 625-5114,(325) 625-4116
place:coleman,Monte Sides,division_ocdid,ocd-division/country:us/state:tx/place:coleman/ward:south,ocd-division/country:us/state:tx/place:coleman
place:college_station,John Nichols,phones,(979) 764-3541,(979) 764-3500
place:college_station,Mark Smith,phones,(979) 764-3541,(979) 764-3500
place:college_station,William Wright,phones,(979) 764-3541,(979) 764-3500
place:college_station,David White,phones,(979) 764-3541,(979) 764-3500
place:college_station,Melissa McIlhaney,phones,(979) 764-3541,(979) 764-3500
place:college_station,Bob Yancy,phones,(979) 764-3541,(979) 764-3500
place:college_station,Scott Shafer,phones,(979) 764-3541,(979) 764-3500
place:colleyville,Bobby Lindamood,phones,(214) 232-8147,(817) 503-1130
place:colleyville,Brandi Elder,phones,(817) 706-6090,(817) 503-1130
place:colleyville,Scotty Richardson,phones,(817) 676-2120,(817) 503-1000
place:colleyville,Mark Alphonso,phones,(214) 929-6446,(817) 503-1000
place:colleyville,Tim Raine,phones,(817) 360-6119,(817) 503-1000
place:colorado_city,"Sammy Contreras, Jr.",division_ocdid,ocd-division/country:us/state:tx/place:colorado_city/district:1,ocd-division/country:us/state:tx/place:colorado_city/council_district:1
place:colorado_city,James Farquhar,division_ocdid,ocd-division/country:us/state:tx/place:colorado_city/district:2,ocd-division/country:us/state:tx/place:colorado_city/council_district:2
place:colorado_city,Cade Carlock,division_ocdid,ocd-division/country:us/state:tx/place:colorado_city/district:4,ocd-division/country:us/state:tx/place:colorado_city/council_district:4
place:colorado_city,Sarah Ann Cox-Kuss,division_ocdid,ocd-division/country:us/state:tx/place:colorado_city/district:5,ocd-division/country:us/state:tx/place:colorado_city/council_district:5
place:colorado_city,Bonnie Lane,division_ocdid,ocd-division/country:us/state:tx/place:colorado_city/district:6,ocd-division/country:us/state:tx/place:colorado_city/council_district:6
place:conroe,Duke W. Coon,phones,(936) 522-3010,(936) 522-3000
place:conroe,Howard Wood,phones,(936) 522-3010,(936) 522-3000
place:conroe,David Hairel,phones,(936) 522-3010,(936) 522-3000
place:conroe,Shana R. Arthur,phones,(936) 522-3010,(936) 522-3000
place:conroe,Harry Hardman,phones,(936) 522-3010,(936) 522-3000
place:conroe,Marsha Porter,phones,(936) 522-3010,(936) 522-3000
place:converse,Kassandra Leon,phones,(210) 544-3062,(210) 658-5356
place:converse,"Stacey L. Adams, Sr.",phones,(210) 975-0485,(210) 658-5356
place:coppell,Wes Mays,phones,(469) 816-8567,(972) 462-0022
place:coppell,Don Carroll,phones,(469) 525-3852,(972) 462-0022
place:coppell,Jim Walker,phones,(469) 704-8201,(972) 462-0022
place:coppell,Brianna Hinojosa-Smith,phones,(214) 412-0807,(972) 462-0022
place:coppell,Kevin Nevels,phones,(469) 525-3813,(972) 462-0022
place:coppell,Ramesh Premkumar,phones,(214) 930-4494,(972) 462-0022
place:coppell,Biju Mathew,phones,(214) 490-8682,(972) 462-0022
place:coppell,Mark Hill,phones,(214) 784-6986,(972) 462-0022
place:copper_canyon,Jeff Mayer,phones,(940) 241-2677 ext. 2,(940) 241-2677
place:copper_canyon,Victoria Hubbard,phones,(940) 241-2677 ext. 2,(940) 241-2677
place:copper_canyon,Janae Newton,phones,(940) 241-2677 ext. 2,(940) 241-2677
place:corsicana,Jim Pannell,division_ocdid,ocd-division/country:us/state:tx/place:corsicana/precinct:1,ocd-division/country:us/state:tx/place:corsicana
place:corsicana,Shayla Johnson,division_ocdid,ocd-division/country:us/state:tx/place:corsicana/precinct:2,ocd-division/country:us/state:tx/place:corsicana
place:corsicana,Chris Woolsey,division_ocdid,ocd-division/country:us/state:tx/place:corsicana/precinct:3,ocd-division/country:us/state:tx/place:corsicana
place:corsicana,Jeff Smith,division_ocdid,ocd-division/country:us/state:tx/place:corsicana/precinct:4,ocd-division/country:us/state:tx/place:corsicana
place:cottonwood,Peggy Smith,phones,(972) 742-6717,(214) 334-7028
place:cotulla,Sandra Luna,phones,(830) 879-2367 ext. 108,(830) 879-2367
place:covington,Brian Stahl,phones,(254) 234-1961,(254) 854-2373
place:covington,April Bradshaw,phones,(817) 526-6959,(254) 854-2373
place:crane,Chad Aguilar,division_ocdid,ocd-division/country:us/state:tx/place:crane/ward:2,ocd-division/country:us/state:tx/place:crane
place:crockett,Mike Marsh,division_ocdid,ocd-division/country:us/state:tx/place:crockett/precinct:5,ocd-division/country:us/state:tx/place:crockett
place:crockett,Dennis Ivey,division_ocdid,ocd-division/country:us/state:tx/place:crockett/precinct:1,ocd-division/country:us/state:tx/place:crockett
place:crockett,Christopher Price,division_ocdid,ocd-division/country:us/state:tx/place:crockett/precinct:2,ocd-division/country:us/state:tx/place:crockett
place:crockett,NaTrenia Hicks,division_ocdid,ocd-division/country:us/state:tx/place:crockett/precinct:3,ocd-division/country:us/state:tx/place:crockett
place:crockett,Elbert Johnson,division_ocdid,ocd-division/country:us/state:tx/place:crockett/precinct:4,ocd-division/country:us/state:tx/place:crockett
place:cross_timber,Patti Meier,phones,(817) 929-9239,(817) 295-0796
place:crowley,Billy Davis,phones,(817) 297-2201 ext. 4000,(817) 297-2201
place:crowley,Jim Hirth,phones,(817) 297-2201 ext. 4000,(817) 297-2201
place:crowley,Matt Foster,phones,(817) 297-2201 ext. 4000,(817) 297-2201
place:crowley,Tina Pace,phones,(817) 297-2201 ext. 4000,(817) 297-2201
place:crowley,Jerry Beck Jr.,phones,(817) 297-2201 ext. 4000,(817) 297-2201
place:crowley,Jesse Johnson,phones,(817) 297-2201 ext. 4000,(817) 297-2201
place:dallas,Eric L. Johnson,phones,(214) 670-3111; (214) 670-4050,(214) 670-3738
place:dallas,Kathy Stewart,phones,(214) 670-5958,(214) 670-3738
place:dallas,Maxie Johnson,division_ocdid,ocd-division/country:us/state:tx/place:dallas/council_district:4,ocd-division/country:us/state:tx/place:dallas
place:danbury,Gordon Hatthorn,phones,(281) 968-1559,(979) 922-1551
place:dayton,Martin Mudd,phones,(936) 258-2642 ext. 1117,(936) 258-2642
place:dayton,John Headrick,phones,(936) 258-2642 ext. 1117,(936) 258-2642
place:dayton,Tonya Smikal,phones,(936) 258-2642 ext. 1117,(936) 258-2642
place:dayton,Harry Barnes Jr.,phones,(936) 258-2642 ext. 1117,(936) 258-2642
place:dayton,Alvin Burress,phones,(936) 258-2642 ext. 1117,(936) 258-2642
place:decatur,Mike Mcquiston,phones,(940) 393-0204,(940) 393-0200
place:decatur,Melinda Reeves,phones,(940) 399-9670,(940) 393-0200
place:decatur,Will Carpenter,phones,(469) 955-5555,(940) 393-0200
place:decatur,Eddie Allen,phones,(940) 393-5645,(940) 393-0200
place:decatur,Debra Jackson,phones,(940) 389-0844,(940) 393-0204
place:decatur,Jake Hayes,phones,(940) 389-5438,(940) 393-0200
place:deer_park,TJ Haight,phones,(281) 478-7246,(281) 479-2394
place:deer_park,Justin League,phones,(281) 478-7246,(281) 479-2394
place:deer_park,Georgette Ford,phones,(281) 478-7246,(281) 479-2394
place:del_rio,Alvaro Al Arreola,phones,(830) 774-8790,(830) 774-8558
place:denton,Brandon Chase McGee,phones,(940) 293-3569,(940) 349-7717
place:denton,Vicki Byrd,phones,(940) 208-6346,(940) 349-7717
place:denton,Brian Beck,phones,(940) 293-7611,(940) 349-7717
place:denton,Joe Holland,phones,(940) 206-5177,(940) 349-7717
place:desoto,"Andre' Byrd, Sr.",phones,(682) 261-5035,(972) 230-9646
place:desoto,Debrah North,phones,(945) 372-8305,(972) 230-9600
place:desoto,Letitia Hughes,phones,(469) 580-0206,(972) 230-9600
place:desoto,Ken Waters,phones,(945) 372-8304,(972) 230-9600
place:devers,Steven Horelica,phones,(214) 934-2646,(936) 549-7474
place:dickinson,Travis Magliolo,phones,(281) 337-6202,(281) 337-2489
place:dodd_city,Michael Keene,phones,(903) 640-6673,(903) 583-7710
place:dorchester,David Smith,phones,(903) 870-6351,(903) 476-5862
place:duncanville,Greg Contreras,phones,(469) 616-8368,(972) 780-5000
place:duncanville,DeMonica Gooden,phones,(214) 228-8259,(972) 780-5000
place:duncanville,Joe Veracruz,phones,(972) 965-7809,(972) 780-5000
place:duncanville,Don McBurnett,phones,(972) 296-4179,(972) 780-5000
place:duncanville,Jeremy Koontz,phones,(210) 240-1547,(972) 780-5000
place:duncanville,Karen Cherry-Brown,phones,(972) 294-9884,(972) 780-5000
place:duncanville,Kyle Pennebaker,phones,(214) 929-4969,(972) 780-5000
place:eagle_lake,Timothy L. Kelley,phones,(979) 310-3060,(979) 234-2640
place:early,Garry Forisha,phones,(325) 643-2250,(325) 643-5451
place:eden,Renae Rodgers,phones,(325) 812-5990,(325) 869-2211
place:eden,Grover Hall,phones,(325) 234-8597,(325) 869-2211
place:eden,Bradley Gandy,phones,(325) 456-2024,(325) 869-2211
place:edinburg,David Salazar Jr.,phones,(956) 388-8207,(956) 388-8204
place:edinburg,Daniel 'Dan' Diaz,phones,(956) 388-8207,(956) 388-8204
place:edinburg,"Gerardo ""Gerry"" Lozano",phones,(956) 388-8207,(956) 388-8204
place:edna,Mike Dodds,division_ocdid,ocd-division/country:us/state:tx/place:edna/district:4,ocd-division/country:us/state:tx/place:edna/council_district:4
place:edna,Cipriano Palacios,division_ocdid,ocd-division/country:us/state:tx/place:edna/district:1,ocd-division/country:us/state:tx/place:edna/council_district:1
place:edna,Katrina Callis,division_ocdid,ocd-division/country:us/state:tx/place:edna/district:2,ocd-division/country:us/state:tx/place:edna/council_district:2
place:edna,Chris Jackson,division_ocdid,ocd-division/country:us/state:tx/place:edna/district:3,ocd-division/country:us/state:tx/place:edna/council_district:3
place:edna,Amanda Friedrich,division_ocdid,ocd-division/country:us/state:tx/place:edna/district:5,ocd-division/country:us/state:tx/place:edna/council_district:5
place:el_campo,Jeff Allgayer,division_ocdid,ocd-division/country:us/state:tx/place:el_campo/council_district:no._1,ocd-division/country:us/state:tx/place:el_campo
place:el_campo,Tom Coblentz,division_ocdid,ocd-division/country:us/state:tx/place:el_campo/council_district:no._2,ocd-division/country:us/state:tx/place:el_campo
place:el_campo,David Hodges,division_ocdid,ocd-division/country:us/state:tx/place:el_campo/council_district:no._3,ocd-division/country:us/state:tx/place:el_campo
place:el_campo,"John W. Hancock, Jr.",division_ocdid,ocd-division/country:us/state:tx/place:el_campo/council_district:no._4,ocd-division/country:us/state:tx/place:el_campo
place:el_paso,Renard U. Johnson,phones,(915) 212-0021,(915) 212-0000
place:elgin,Theresa McShan,phones,(512) 229-3222,(512) 636-9669
place:elgin,Sue Brashar,phones,(512) 689-5692,(512) 281-5724
place:elmendorf,Michael J. Gonzales,phones,(210) 218-4676,(210) 635-8210
place:elmendorf,Laura Wright-Wallace,phones,(210) 789-1221,(210) 635-8210
place:elmendorf,Manuel Decena,phones,(210) 834-6389,(210) 635-8210
place:elmendorf,Linda Pena Ortiz,phones,(210) 635-7759,(210) 635-8210
place:ennis,Lynda Isbell,phones,(972) 875-1234 ext. 2236,(972) 878-1234
place:ennis,Cathy Falkenbach,phones,(972) 875-1234 ext. 2236,(972) 878-1234
place:ennis,Bruce Jones,phones,(972) 875-1234 ext. 2236,(972) 878-1234
place:ennis,Scott Hejny,phones,(972) 875-1234 ext. 2236,(972) 878-1234
place:ennis,Shirley Watson,phones,(972) 875-1234 ext. 2236,(972) 878-6177
place:ennis,Eric Pierce,phones,(972) 875-1234 ext. 2236,(972) 878-1234
place:euless,Tim Stinneford,phones,(817) 685-1411 ext. 1,(817) 685-1400
place:euless,Jeremy Tompkins,phones,(817) 685-1411 ext. 2,(817) 685-1411
place:euless,Eddie Price,phones,(817) 685-1411 ext. 3,(817) 685-1400
place:euless,Annabel Eads,phones,(817) 685-1411 ext. 5,(817) 685-1400
place:euless,Tika Paudel,phones,(817) 685-1411 ext. 6,(817) 685-1400
place:fairchilds,Lance Bertolino,phones,(346) 691-3720,(281) 705-1831
place:farmers_branch,Terry Lynne,phones,(214) 244-1615,(972) 247-3131
place:farmers_branch,Tina Bennett-Burton,phones,(214) 718-7832,(972) 247-3131
place:farmers_branch,Roger Neal,phones,(214) 505-4640,(972) 247-3131
place:farmers_branch,David Reid,phones,(214) 471-4091,(972) 247-3131
place:farmers_branch,Elizabeth Villafranca,phones,(214) 679-8914,(972) 247-3131
place:fate,Andrew Greenberg,phones,(972) 771-4601,(469) 668-3048
place:floresville,Gloria Morales Cantu,phones,(830) 581-1779,(830) 393-3105
place:floresville,Marissa Ximenez,phones,(830) 581-1589,(830) 393-3105
place:floresville,Mario Morones,phones,(830) 581-9584,(830) 393-3105
place:floresville,Jake Lamberth,phones,(830) 581-1997,(830) 393-3105
place:floresville,Frances M. Flores,phones,(830) 581-1996,(830) 393-3105
place:floresville,Felix Cantu,phones,(830) 581-1989,(830) 393-3105
place:forest_hill,Stephanie Boardingham,phones,(817) 676-6784,(817) 568-3040
place:forest_hill,Carlie Jones,phones,(817) 751-0805,(817) 568-3040
place:forest_hill,Sonja Coleman,phones,(469) 799-6767,(817) 568-3040
place:forest_hill,Anthony Cook,phones,(682) 305-4539,(817) 568-3000
place:forest_hill,Janet Carpenter,phones,(469) 799-6648,(817) 568-3040
place:forest_hill,Keith R. Smith,phones,(817) 456-2883,(817) 568-3040
place:forest_hill,Timey Boardingham,phones,(817) 751-1128,(817) 568-3040
place:forney,Jason Roberson,phones,(972) 552-6620,(972) 552-6460
place:forney,Greg Helm,phones,(972) 552-6620,(972) 552-6460
place:forney,James Traylor,phones,(972) 552-6620,(972) 552-6460
place:forney,Cecil Chambers,phones,(972) 552-6620,(972) 552-6460
place:forney,Jay Weatherford,phones,(972) 552-6620,(972) 552-6460
place:forney,Sarah Salgado,phones,(972) 552-6620,(972) 552-6460
place:forney,Zahnd Schlensker,phones,(972) 552-6620,(972) 552-6460
place:fredericksburg,Jeryl Hoover,phones,(830) 456-9550,(830) 997-7521
place:fredericksburg,Emily Kirchner,phones,(737) 843-4020,(830) 997-7521
place:fredericksburg,Tony Klein,phones,(830) 992-1013,(830) 997-7521
place:friendswood,John Ellisor,phones,(281) 996-3270,(281) 996-3200
place:friendswood,Sally Branson,phones,(281) 996-3270,(281) 996-3200
place:friendswood,Joe Matranga,phones,(281) 996-3270,(281) 996-3200
place:friendswood,Michael P. Ross,phones,(281) 996-3270,(281) 996-3200
place:frisco,Jeff Cheney,phones,(972) 292-5050,(972) 292-5000
place:frisco,Angelia Pelham,phones,(972) 292-5053,(972) 292-5000
place:frisco,John Keating,phones,(972) 292-5051,(972) 292-5000
place:frisco,Burt Thakur,phones,(972) 292-5052,(972) 292-5000
place:frisco,Jared Elad,phones,(972) 292-5054,(972) 292-5000
place:frisco,Laura Rummel,phones,(972) 292-5055,(972) 292-5000
place:frisco,Brian Livingston,phones,(972) 292-5056,(972) 292-5113
place:gainesville,Tommy Moore,phones,(817) 760-1352,(940) 668-4500
place:gainesville,Mary Jo Dollar,phones,(940) 736-3404,(940) 668-4500
place:gainesville,Linda Lewis,phones,(940) 297-9414,(940) 668-4500
place:gainesville,Dakota Nichols,phones,(940) 284-0398,(940) 668-4500
place:gainesville,Randy Jones,phones,(940) 736-4858,(940) 668-4500
place:gainesville,Gary Sutton,phones,(469) 346-1555,(940) 668-4500
place:gainesville,Jeff Johnson,phones,(972) 824-0991,(940) 668-4500
place:galveston,Craig Brown,phones,(409) 797-3510,(409) 797-3500
place:galveston,Sharon B. Lewis,phones,(409) 797-3510,(409) 772-6233
place:galveston,David Finklea,phones,(409) 797-3510,(409) 797-3500
place:galveston,Bob Brown,phones,(409) 797-3510,(409) 797-3500
place:galveston,Bob Brown,division_ocdid,ocd-division/country:us/state:tx/place:galveston/council_district:3,ocd-division/country:us/state:tx/place:galveston
place:galveston,Alex Porretto,phones,(409) 797-3510,(409) 797-3500
place:galveston,Beau Rawlins,phones,(409) 797-3510,(409) 797-3500
place:galveston,Marie Robb,phones,(409) 797-3510,(409) 797-3500
place:garland,Dylan Hedrick,phones,(469) 560-6099,(972) 205-2465
place:garland,Jeff Bass,phones,(469) 831-5620,(972) 205-2465
place:garland,Margaret Lucht,phones,(469) 264-3556,(972) 205-2465
place:garland,Chris Ott,phones,(972) 987-9149,(972) 205-2465
place:garland,Kris Beard,phones,(214) 418-9461,(972) 205-2465
place:garland,B.J. Williams,phones,(972) 898-7672,(972) 205-2465
place:garland,Carissa Dutton,phones,(972) 998-8542,(972) 205-2465
place:georgetown,Jake French,phones,(512) 930-3651,(512) 930-3652
place:gilmer,Jarom Tefteller,phones,(903) 843-5678,(903) 843-2552
place:glenn_heights,Sonja A. Brown,phones,(972) 223-1690 ext. 197,(972) 223-1690
place:glenn_heights,Travis Bruton,phones,(972) 223-1690 ext. 193,(972) 223-1690
place:glenn_heights,Sherron Mosley,phones,(972) 223-1690 ext. 191,(972) 223-1690
place:glenn_heights,Tramayne Hobbs,phones,(972) 223-1690 ext. 194,(972) 223-1690
place:glenn_heights,Laymon M. Lightfoot,phones,(972) 223-1690 ext. 195,(972) 223-1690
place:glenn_heights,Nelda Washington,phones,(972) 223-1690 ext. 196,(972) 223-1690
place:gonzales,Isaac Anzaldua,phones,(830) 263-0876,(830) 672-2815
place:gonzales,Joseph Kridler,phones,(830) 203-4559,(830) 672-2815
place:gonzales,Mariah Jordan,phones,(830) 263-3780,(830) 672-2815
place:gonzales,Lorenzo Hernandez,phones,(830) 857-6376,(830) 672-2815
place:gonzales,Harold Strom,phones,(830) 263-9480,(830) 672-2815
place:grapevine,Chris Coy,phones,(817) 689-9899,(817) 410-3104
place:groves,Chris Borne,phones,(409) 332-0127,(409) 960-5773
place:groves,Mark McAdams,phones,(409) 344-3623,(409) 960-5773
place:gun_barrel_city,Brian Crull,phones,(903) 713-3019,(903) 887-1087
place:gun_barrel_city,April Burns,phones,(903) 713-3022,(903) 887-1087
place:gun_barrel_city,Rita Evans,phones,(903) 713-3024,(903) 887-1087
place:gun_barrel_city,Jennifer Jacobs,phones,(903) 713-3020,(903) 887-1087
place:gun_barrel_city,Brian Henson,phones,(903) 713-3021,(903) 887-1087
place:gun_barrel_city,Robert Edwards,phones,(903) 713-3023,(903) 887-1087
place:hale_center,W.H. Johnson,phones,(806) 252-6848,(806) 839-2411
place:hale_center,Julio De La Garza,phones,(806) 729-6939,(806) 839-2411
place:hale_center,Karen Boyce,phones,(806) 292-9877,(806) 839-2411
place:hale_center,Genaro Garcia JR,phones,(806) 494-1039,(806) 839-2411
place:hale_center,Shane Rowell,phones,(806) 292-5758,00000000
place:hallsville,Charlie Hunt,phones,(903) 668-2313,(903) 387-8431
place:hamlin,Tucker Teague,phones,(970) 467-3676,(325) 576-2711
place:hardin,Chris Goodwin,phones,(936) 298-2117,(936) 334-6360
place:hardin,Harvey Finley,phones,(713) 298-2117,(936) 298-2117
place:harlingen,Norma Sepulveda,phones,(956) 556-6216,(956) 216-5000
place:harlingen,Delia Cavazos-Gamez,phones,(956) 658-1831,(956) 216-5000
place:harlingen,Daniel Nemecio Lopez,phones,(956) 556-5352,(956) 216-5000
place:harlingen,Frank Morales,phones,(956) 264-3631,(956) 216-5001
place:harlingen,Frank Morales,division_ocdid,ocd-division/country:us/state:tx/place:harlingen/council_district:4,ocd-division/country:us/state:tx/place:harlingen/council_district:rist
place:harlingen,Rene Perez,phones,(956) 335-9380,(956) 216-5000
place:hays,Lydia Bryan-Valdez,phones,(512) 767-4520,(512) 295-4792
place:hays,Candace Blake,phones,(512) 470-6103,(512) 295-4792
place:hays,Rose McCorkle,phones,(512) 694-0836,(512) 295-4792
place:hays,Tony Valdez,phones,(512) 576-9709,(512) 295-4792
place:hays,Tom Lemman,phones,(512) 565-7595,(512) 295-4792
place:henderson,Henry Pace,phones,(903) 392-0473,(903) 657-6551
place:hewitt,Steve Fortenberry,phones,(254) 709-0030,(254) 666-6171
place:hewitt,Steve Fortenberry,division_ocdid,ocd-division/country:us/state:tx/place:hewitt,ocd-division/country:us/state:tx/place:hewitt/ward:3
place:hewitt,Erica Bruce,phones,(254) 709-4050,(254) 666-6171
place:hewitt,Erica Bruce,division_ocdid,ocd-division/country:us/state:tx/place:hewitt,ocd-division/country:us/state:tx/place:hewitt/ward:3
place:hewitt,Bob Potter,phones,(254) 709-3666,(254) 666-6171
place:hewitt,Bob Potter,division_ocdid,ocd-division/country:us/state:tx/place:hewitt,ocd-division/country:us/state:tx/place:hewitt/ward:2
place:hewitt,Brad Turner,phones,(254) 709-3614,(254) 666-6171
place:hewitt,Brad Turner,division_ocdid,ocd-division/country:us/state:tx/place:hewitt,ocd-division/country:us/state:tx/place:hewitt/ward:1
place:hewitt,Johnny Stephens,phones,(254) 709-3989,(254) 666-6171
place:hewitt,Johnny Stephens,division_ocdid,ocd-division/country:us/state:tx/place:hewitt,ocd-division/country:us/state:tx/place:hewitt/ward:1
place:hewitt,Michael Bancale,phones,(254) 709-3522,(254) 666-6171
place:hitchcock,Mary Combs Demby,division_ocdid,ocd-division/country:us/state:tx/place:hitchcock/council_district:1,ocd-division/country:us/state:tx/place:hitchcock/council_district:rict
place:hitchcock,Shawn Kadlecek,division_ocdid,ocd-division/country:us/state:tx/place:hitchcock/council_district:2,ocd-division/country:us/state:tx/place:hitchcock/council_district:rict
place:hitchcock,Morris Tuck,division_ocdid,ocd-division/country:us/state:tx/place:hitchcock/council_district:3,ocd-division/country:us/state:tx/place:hitchcock/council_district:rict
place:holland,Johnny Kallus,phones,(254) 727-0801,(254) 657-2460
place:hollywood_park,Chester Drash,phones,(210) 452-7855,(210) 494-2023
place:hollywood_park,Wendy Gonzalez,phones,(210) 792-3605,(210) 494-2023
place:hollywood_park,Jim Rodriguez,phones,(210) 792-3899,(210) 494-2023
place:hollywood_park,Todd Kounse,phones,(210) 792-2029,(210) 494-2023
place:hollywood_park,Dale Randol,phones,(210) 801-6784,(210) 494-2023
place:hollywood_park,Glenna Pearce,phones,(210) 792-7190,(210) 494-2023
place:hondo,Jose Ytuarte,phones,(830) 426-3380,(830) 426-3370
place:hondo,Brett Williams,phones,(830) 426-3380,(830) 426-3370
place:hondo,Rachel Ramirez,phones,(830) 426-3380,(830) 426-3370
place:houston,Alejandra Salinas,phones,(832) 393-3012,(832) 393-1000
place:houston,Julian Ramirez,phones,(832) 393-3014,(832) 393-1000
place:houston,Sallie Alcorn,phones,(832) 393-3017,(832) 393-1000
place:houston,Twila Carter,phones,(832) 393-3005,(832) 393-1000
place:houston,Willie Davis,phones,(832) 393-3013,(832) 393-1000
place:houston,Joaquin Martinez,phones,(832) 393-3011,(281) 914-2655
place:houston,Joaquin Martinez,division_ocdid,ocd-division/country:us/state:tx/place:houston/council_district:i,ocd-division/country:us/state:tx/place:houston/council_district:1
place:houston,Amy Peck,phones,(832) 393-3010,(832) 393-1000
place:houston,Abbie Kamin,phones,(832) 393-3004,(832) 393-1000
place:houston,Carolyn Evans-Shabazz,phones,(832) 393-3001,(832) 393-1001
place:houston,Fred Flickinger,phones,(832) 393-3008,(832) 393-1000
place:houston,Mary Nan Huffman,phones,(832) 393-3007,(832) 393-1000
place:houston,Mario Castillo,phones,(832) 393-3003,(832) 393-1000
place:huntington,Todd Ricks,phones,(936) 414-1849,(936) 422-4195
place:huntington,Keith Malone,phones,(936) 422-4775,(936) 422-3839
place:huntington,Kim Smith,phones,(936) 526-3415,(936) 422-4195
place:huntington,Robert Williams,phones,(936) 671-1602,(936) 422-4195
place:huntington,Twila Bertrand,phones,(512) 297-1000,(936) 422-4195
place:huntsville,Jon Strong,phones,(936) 291-5413,(936) 291-5400
place:huntsville,Karen Denman,phones,(936) 291-5413,(936) 291-5400
place:huntsville,Tore Fossum,phones,(936) 291-5413,(936) 291-5400
place:huntsville,Casey Cox,phones,(936) 291-5413,(936) 291-5400
place:huntsville,Anissa Antwine,phones,(936) 291-5413,(936) 291-5400
place:hutto,Evan Porterfield,phones,(512) 759-4015,(512) 759-4030
place:ingleside_on_the_bay,Jo Ann Ehmann,phones,(361) 790-3663,(361) 776-5451
place:ingleside_on_the_bay,Ann Nyberg,phones,(512) 680-8989,(361) 776-5451
place:iola,Curtis Darby,phones,(936) 394-2110,(936) 394-3114
place:iola,Becky Evans,phones,(936) 394-2110,(936) 394-3114
place:irving,John Bloch,phones,(682) 380-1223,(972) 721-2410
place:irving,John Bloch,division_ocdid,ocd-division/country:us/state:tx/place:irving/council_district:1,ocd-division/country:us/state:tx/place:irving
place:irving,Dennis Webb,phones,(469) 670-3682,(972) 721-2600
place:irving,Dennis Webb,division_ocdid,ocd-division/country:us/state:tx/place:irving/council_district:8,ocd-division/country:us/state:tx/place:irving
place:irving,David Pfaff,phones,(469) 849-9752,(972) 721-2410
place:irving,David Pfaff,division_ocdid,ocd-division/country:us/state:tx/place:irving/council_district:2,ocd-division/country:us/state:tx/place:irving
place:irving,Abdul Khabeer,phones,(682) 978-2341,(972) 721-2410
place:irving,Abdul Khabeer,division_ocdid,ocd-division/country:us/state:tx/place:irving/council_district:3,ocd-division/country:us/state:tx/place:irving
place:irving,Luis Canosa,phones,(469) 934-8054,(972) 721-2410
place:irving,Luis Canosa,division_ocdid,ocd-division/country:us/state:tx/place:irving/council_district:4,ocd-division/country:us/state:tx/place:irving
place:irving,Mark Cronenwett,phones,(682) 978-2342,(972) 721-2410
place:irving,Mark Cronenwett,division_ocdid,ocd-division/country:us/state:tx/place:irving/council_district:5,ocd-division/country:us/state:tx/place:irving
place:irving,Al Zapanta,phones,(469) 354-8790,(972) 721-2410
place:irving,Al Zapanta,division_ocdid,ocd-division/country:us/state:tx/place:irving/council_district:6,ocd-division/country:us/state:tx/place:irving
place:irving,Adam Muller,phones,(469) 918-4107,(972) 721-2410
place:irving,Adam Muller,division_ocdid,ocd-division/country:us/state:tx/place:irving/council_district:7,ocd-division/country:us/state:tx/place:irving
place:jacksonville,Tim McRae,phones,(903) 339-3303,(903) 339-3390
place:jacksonville,Rob Gowin,phones,(903) 339-3304,(903) 339-3390
place:jarrell,Patrick Sherek,phones,(512) 746-4593 ext. 121,(512) 746-4593
place:jarrell,Daniel Klepac,phones,(512) 746-4593 ext. 121,(512) 746-4593
place:jasper,Lequin Hilderbrand,phones,(409) 384-4651,(409) 383-4651
place:jasper,Lequin Hilderbrand,division_ocdid,ocd-division/country:us/state:tx/place:jasper,ocd-division/country:us/state:tx/place:jasper/council_district:5
place:josephine,Jason Turney,phones,(214) 326-4908,(972) 843-8282
place:josephine,April Aurand,phones,(945) 220-2066,(972) 843-8282
place:josephine,Jane Ridgway,phones,(214) 842-1428,(972) 843-8282
place:josephine,Alex Esquivel,phones,(214) 901-3682,(972) 843-8282
place:josephine,Pam Sardo,phones,(214) 620-5742,(972) 843-8282
place:josephine,Gary Chappell,phones,(214) 449-3827,(972) 843-8282
place:karnes_city,Jimmy D. Loya Sr.,phones,(830) 780-3422,(830) 583-6852
place:katy,William H. Thiele,phones,(281) 391-4800,(281) 391-4818
place:keene,Troy Smith,phones,(817) 641-3336 ext. 105,(817) 641-3336
place:keene,Samantha Gillin,phones,(817) 641-3336 ext. 105,(817) 641-3336
place:keene,Bob Chapman,phones,(817) 641-3336 ext. 105,(817) 641-3336
place:keene,Rob Foster,phones,(817) 641-3336 ext. 105,(817) 641-3336
place:keene,Johnny Shaw,phones,(817) 641-3336 ext. 105,(817) 641-3336
place:keene,Charles Easley,phones,(817) 641-3336 ext. 105,(817) 641-3336
place:keller,Armin Mizani,phones,(817) 743-4007,(817) 743-4000
place:keller,Ross McMullin,phones,(817) 743-4007,(817) 743-4000
place:keller,Shannon Dubberly,phones,(817) 743-4007,(817) 743-4000
place:keller,Greg Will,phones,(817) 743-4007,(817) 743-4000
place:keller,Karen Brennan,phones,(817) 743-4007,(817) 743-4000
place:keller,Tag Green,phones,(817) 743-4007,(817) 743-4000
place:keller,Chris Whatley,phones,(817) 743-4007,(817) 743-4000
place:kendleton,Lester Aldridge,phones,(281) 342-1512,(979) 532-8240
place:kenedy,Brandon Briones,phones,(830) 299-1953,(830) 583-2230
place:kenedy,Cindy Saenz,phones,(830) 299-2618,(830) 583-2230
place:kenedy,Felipe Leal,phones,(830) 299-0484,(830) 583-2230
place:kenedy,Jeffrey Martinez,phones,(830) 299-2458,(830) 583-2230
place:kenedy,Richard Sauceda,phones,(830) 400-9484,(830) 583-2230
place:kenedy,Saundra Schultz,phones,(830) 299-2457,(830) 583-2230
place:killeen,Debbie Nash-King,phones,(254) 290-4510,(254) 501-7600
place:killeen,Riakos Adams,phones,(254) 290-5330,(254) 501-7700
place:killeen,Jessica Gonzalez,phones,(254) 392-2719,(254) 245-0101
place:killeen,Ramon Alvarez,phones,(254) 383-7981,(254) 501-7600
place:killeen,Nina Cobb,phones,(254) 317-1641,(254) 501-7600
place:killeen,Anthony Kendrick,phones,(254) 290-7627,(254) 501-7600
place:kingsville,Sam Fugate,phones,(361) 595-8001,(361) 595-5235
place:kingsville,Norma Nelda Alvarez,phones,(361) 595-8002,(361) 595-5235
place:kingsville,Leo Alarcon,phones,(361) 595-8002,(361) 595-5235
place:kirby,Janeshia A. Grider,phones,(210) 661-3198 ext. 311,(210) 661-3198
place:kirby,Englan Sanchez,phones,(210) 661-3198 ext. 333,(210) 661-3198
place:kirby,Mike Grant,phones,(210) 661-3198 ext. 331,(210) 661-3198
place:kress,Johnny Taylor,phones,(806) 994-5051,(806) 684-2525
place:krum,Mike Strand,phones,(940) 398-7305,(940) 482-3491
place:krum,Austin Petersen,phones,(940) 398-7305,(940) 482-3491
place:krum,Jesse Vasquez,phones,(940) 398-7305,(940) 482-3491
place:krum,Melynda Rivers,phones,(940) 398-7305,(940) 482-3491
place:krum,Richard Troth,phones,(940) 398-7305,(940) 482-3491
place:la_marque,Keith Bell,phones,(409) 257-6259,(409) 938-9202
place:la_marque,Kimberley Yancy,phones,(409) 257-6198,(409) 938-9202
place:la_marque,Joseph Lowry,phones,(409) 257-6226,(409) 938-9202
place:la_marque,Tonia Griffin,phones,(409) 257-6205,(409) 938-9202
place:la_porte,Rick Helton,phones,(281) 470-5021,(281) 471-5020
place:la_porte,Brandon Lunsford,phones,(281) 470-5021,(281) 471-5021
place:la_porte,Brent McCaulley,phones,(281) 470-5021,(281) 471-5021
place:la_porte,Jay Martin,phones,(281) 470-5021,(281) 471-5020
place:lake_dallas,Kristy Bleau,phones,(940) 497-2226 ext. 102,(940) 497-2226
place:lake_dallas,Rudy Glynn Vrba,phones,(940) 497-2226 ext. 102,(940) 497-2226
place:lake_jackson,Leonard Schooler,phones,(979) 415-2500,(979) 415-2400
place:lake_jackson,Vinay Singhania,phones,(979) 415-2500,(979) 415-2400
place:lake_jackson,"Ralph L. Buell, III",phones,(979) 415-2500,(979) 415-2400
place:lake_jackson,Jon Baker,phones,(979) 415-2500,(979) 415-2400
place:lamesa,Hayden Davis,phones,(806) 872-2124 ext. 7,(806) 872-2124
place:lamesa,Joseph Smith,phones,(806) 872-2124 ext. 7,(806) 872-2124
place:lamesa,Joseph Smith,division_ocdid,ocd-division/country:us/state:tx/place:lamesa/council_district:1,ocd-division/country:us/state:tx/place:lamesa
place:lamesa,Fred Vera,phones,(806) 872-2124 ext. 7,(806) 872-2124
place:lamesa,Gloria V. Rodriguez,phones,(806) 872-2124 ext. 7,(806) 872-2124
place:lamesa,Danny Jacobs,phones,(806) 872-2124 ext. 7,(806) 872-2124
place:lamesa,Bobby Gonzales,phones,(806) 872-2124 ext. 7,(806) 872-2124
place:lamesa,Bobby Gonzales,division_ocdid,ocd-division/country:us/state:tx/place:lamesa/council_district:5,ocd-division/country:us/state:tx/place:lamesa
place:lamesa,James H Grayson,phones,(806) 872-2124 ext. 7,(806) 872-2124
place:laredo,Victor D. Treviño,phones,(956) 791-7318,(956) 791-7300
place:laredo,Gilbert Gonzalez,phones,(956) 791-7385,(956) 791-7300
place:laredo,Ricardo Rangel,phones,(956) 791-7385,(956) 791-7300
place:laredo,Melissa R. Cigarroa,phones,(956) 791-7305,(956) 791-7300
place:laredo,Melissa R. Cigarroa,division_ocdid,ocd-division/country:us/state:tx/place:laredo/council_district:3,ocd-division/country:us/state:tx/place:laredo/council_district:8
place:laredo,Ricardo Garza,phones,(956) 744-5845,(956) 791-7300
place:laredo,Ruben Gutierrez Jr.,phones,(956) 791-7309,(956) 791-7300
place:laredo,David Tyler King,phones,(956) 791-7386,(956) 791-7300
place:laredo,Alyssa Cigarroa,phones,(956) 791-7386,(956) 791-7300
place:leander,Michael Herrera,phones,(737) 268-3958,(512) 528-2743
place:leander,Becki Ross,phones,(737) 222-0759,(512) 528-2700
place:leon_valley,Betty Heyl,phones,(210) 461-7187,(210) 684-1391
place:lexington,Allen Retzlaff,phones,(979) 229-9402,(979) 773-2221
place:lexington,David Mason,phones,(979) 773-2221,(361) 550-1269
place:little_elm,Curtis J. Cornelious,phones,(214) 975-0471,(214) 975-0400
place:little_elm,Jamell T. Johnson,phones,(214) 975-0471,(214) 975-0452
place:little_elm,Tony Singh,phones,(214) 975-0471,(214) 975-0400
place:little_elm,Tony Singh,division_ocdid,ocd-division/country:us/state:tx/place:little_elm/council_district:2,ocd-division/country:us/state:tx/place:little_elm
place:little_elm,Ken Eaken,division_ocdid,ocd-division/country:us/state:tx/place:little_elm/council_district:3,ocd-division/country:us/state:tx/place:little_elm
place:lockhart,Lew White,phones,(512) 376-8376,(512) 376-5755
place:lockhart,Brad Westmoreland,phones,(512) 213-8080,(512) 398-2530
place:lockhart,Taylor Burge,phones,(512) 230-2366,(512) 398-3461
place:lockhart,Juan Mendoza,phones,(512) 552-7528,(512) 398-3461
place:lockhart,John Castillo,phones,(512) 577-7569,(512) 398-3461
place:lometa,Derek Talley,phones,(254) 563-4648,(512) 752-3331
place:lometa,Gloria Martin,phones,(512) 525-3050,(512) 752-3331
place:lometa,Alex Witherspoon,phones,(512) 540-6188,(512) 752-3331
place:lometa,Taylor Thompson,phones,(512) 566-6834,(512) 752-3331
place:longview,Kristen Ishihara,phones,(903) 237-1021,(903) 237-1000
place:longview,Jody Berryhill,phones,(903) 237-1021,(903) 237-1000
place:lorenzo,Cheryl Birdwell,division_ocdid,ocd-division/country:us/state:tx/place:lorenzo/ward:2,ocd-division/country:us/state:tx/place:lorenzo
place:lorenzo,Earlene Rampy,division_ocdid,ocd-division/country:us/state:tx/place:lorenzo/ward:1,ocd-division/country:us/state:tx/place:lorenzo
place:lorenzo,Rhonda Cypert,division_ocdid,ocd-division/country:us/state:tx/place:lorenzo/ward:4,ocd-division/country:us/state:tx/place:lorenzo
place:lorenzo,Steven Longoria,division_ocdid,ocd-division/country:us/state:tx/place:lorenzo/ward:5,ocd-division/country:us/state:tx/place:lorenzo
place:lowry_crossing,Chris Madrid,division_ocdid,ocd-division/country:us/state:tx/place:lowry_crossing,ocd-division/country:us/state:tx/place:lowry_crossing/ward:1
place:lowry_crossing,Agur Rios,division_ocdid,ocd-division/country:us/state:tx/place:lowry_crossing,ocd-division/country:us/state:tx/place:lowry_crossing/ward:2
place:lowry_crossing,Cindy Cash,division_ocdid,ocd-division/country:us/state:tx/place:lowry_crossing,ocd-division/country:us/state:tx/place:lowry_crossing/ward:3
place:lubbock,Mark McBrayer,phones,(806) 775-2010,(806) 775-2050
place:lubbock,Christy Martinez-Garcia,phones,(806) 775-2027,(806) 775-2050
place:lubbock,Gordon Harris,phones,(806) 775-2007,(806) 775-2050
place:lubbock,David Glasheen,phones,(806) 775-2023,(806) 775-2003
place:lubbock,Brayden Rose,phones,(806) 775-2008,(806) 775-2003
place:lubbock,Jennifer Wilson,phones,(806) 775-2011,(806) 775-2050
place:lubbock,Tim Collins,phones,(806) 775-2031,(806) 775-2003
place:lufkin,Mark Hicks,phones,(936) 633-0299,(936) 634-8881
place:lufkin,Angela Hobbs-Spencer,division_ocdid,ocd-division/country:us/state:tx/place:lufkin/ward:1,ocd-division/country:us/state:tx/place:lufkin/ward:no
place:lufkin,Robert Shankle,phones,(936) 635-8195,(936) 633-0243
place:lufkin,Robert Shankle,division_ocdid,ocd-division/country:us/state:tx/place:lufkin/ward:2,ocd-division/country:us/state:tx/place:lufkin/ward:no
place:lufkin,Kimberly Abeldt,division_ocdid,ocd-division/country:us/state:tx/place:lufkin/ward:3,ocd-division/country:us/state:tx/place:lufkin/ward:no
place:lufkin,Kim Ogden,division_ocdid,ocd-division/country:us/state:tx/place:lufkin/ward:4,ocd-division/country:us/state:tx/place:lufkin/ward:no
place:lufkin,Jimmy Ford,division_ocdid,ocd-division/country:us/state:tx/place:lufkin/ward:5,ocd-division/country:us/state:tx/place:lufkin/ward:no
place:lufkin,Adam Lowther,phones,(936) 676-8446,(936) 633-0244
place:lufkin,Adam Lowther,division_ocdid,ocd-division/country:us/state:tx/place:lufkin/ward:6,ocd-division/country:us/state:tx/place:lufkin/ward:no
place:luling,Wesley Wells,division_ocdid,ocd-division/country:us/state:tx/place:luling/ward:4,ocd-division/country:us/state:tx/place:luling/ward:5
place:magnolia,Brandon Jacobs,phones,(936) 276-9670,(281) 356-2266
place:malakoff,Nicole Mason-Driver,phones,(903) 489-0699,(682) 323-6926
place:manor,Christopher Harvey,phones,(512) 272-5555,(512) 230-4634
place:manor,Maria Amezcua,phones,(512) 272-5555,(512) 230-9827
place:manor,Sonia Wallace,phones,(512) 272-5555,(512) 412-5797
place:manor,Aaron Moreno,phones,(512) 272-5555,(512) 230-5729
place:mansfield,Michael Evans,phones,(817) 276-4203,(817) 276-4200
place:mansfield,Juan Fresquez,phones,(817) 276-4203,(817) 276-4200
place:manvel,Dan Davis,phones,(832) 295-6505,(281) 489-0630
place:marfa,Raul Lara,phones,(432) 249-1189,(432) 729-4315
place:marfa,Eddie Pallarez,phones,(432) 295-3105,(432) 729-4315
place:marlin,Joe Mark Taylor,division_ocdid,ocd-division/country:us/state:tx/place:marlin/precinct:6,ocd-division/country:us/state:tx/place:marlin
place:marlin,William Roe,division_ocdid,ocd-division/country:us/state:tx/place:marlin/precinct:1,ocd-division/country:us/state:tx/place:marlin
place:marlin,Morris Watson Jr.,division_ocdid,ocd-division/country:us/state:tx/place:marlin/precinct:2,ocd-division/country:us/state:tx/place:marlin
place:marlin,Terence McDavid,division_ocdid,ocd-division/country:us/state:tx/place:marlin/precinct:3,ocd-division/country:us/state:tx/place:marlin
place:marlin,Scottie Henderson,division_ocdid,ocd-division/country:us/state:tx/place:marlin/precinct:4,ocd-division/country:us/state:tx/place:marlin
place:marlin,Cecil Sparks,division_ocdid,ocd-division/country:us/state:tx/place:marlin/precinct:5,ocd-division/country:us/state:tx/place:marlin
place:martindale,Laura Sanchez Fowler,phones,(512) 557-7883,(512) 357-2639
place:mcallen,Tony Aguirre,division_ocdid,ocd-division/country:us/state:tx/place:mcallen/district:1,ocd-division/country:us/state:tx/place:mcallen/council_district:1
place:mcallen,Joaquin Zamora,division_ocdid,ocd-division/country:us/state:tx/place:mcallen/district:2,ocd-division/country:us/state:tx/place:mcallen/council_district:2
place:mcallen,Rolando Rios,division_ocdid,ocd-division/country:us/state:tx/place:mcallen/district:3,ocd-division/country:us/state:tx/place:mcallen/council_district:3
place:mcallen,Rodolfo Castillo,division_ocdid,ocd-division/country:us/state:tx/place:mcallen/district:4,ocd-division/country:us/state:tx/place:mcallen/council_district:4
place:mcallen,Victor Haddad,division_ocdid,ocd-division/country:us/state:tx/place:mcallen/district:5,ocd-division/country:us/state:tx/place:mcallen/council_district:5
place:mcallen,Pepe Cabeza de Vaca,division_ocdid,ocd-division/country:us/state:tx/place:mcallen/district:6,ocd-division/country:us/state:tx/place:mcallen/council_district:6
place:mcgregor,Jim Lilley,phones,(254) 702-2545,(254) 840-2806
place:mcgregor,Sherry Adams,phones,(254) 242-4283,(254) 840-2806
place:mcgregor,Alfredo Macedo,phones,(254) 709-2944,(254) 840-2806
place:mcgregor,Bonnie Mooney Mullens,phones,(254) 749-8171,(254) 840-2806
place:mcgregor,Alex Garcia,phones,(254) 366-5532,(254) 840-2806
place:mcgregor,Alex Garcia,division_ocdid,ocd-division/country:us/state:tx/place:mcgregor/ward:3,ocd-division/country:us/state:tx/place:mcgregor/ward:2
place:mcgregor,Renee Flores,phones,(254) 652-7360,(254) 840-2806
place:mckinney,Bill Cox,phones,(972) 547-7507,(972) 547-7500
place:meadows_place,Audrey St. Germain,phones,(281) 983-2945,(281) 983-2950
place:mesquite,"Daniel Alemán, Jr.",phones,(972) 216-6400,(972) 288-7711
place:mesquite,Kenny Green,phones,(469) 999-5056,(972) 288-7711
place:mesquite,Jeff Casper,phones,(214) 577-2018,(972) 288-7711
place:midlothian,Clark Wickliffe,phones,(972) 775-7101,(972) 775-3481
place:midlothian,Mike Rodgers,phones,(214) 549-6966,(972) 775-3481
place:midlothian,Anna Hammonds,phones,(972) 824-6408,(972) 775-3481
place:midlothian,Ross Weaver,phones,(214) 505-4095,(972) 775-7101
place:midlothian,Wayne Shuffield,phones,(972) 775-7101,(972) 775-3481
place:mineral_wells,Kyle Kelley,phones,(940) 328-7702,(940) 328-7700
place:mineral_wells,Charles Ramsay,phones,(940) 328-7700,(940) 328-7702
place:mission,Norie Gonzalez Garza,phones,(956) 580-8662,(956) 580-8650
place:monahans,Adam Steen,phones,(940) 393-6435,(432) 943-4343
place:monahans,Jeppie Wilson,phones,(432) 943-3788,(432) 943-4343
place:monahans,Jeppie Wilson,division_ocdid,ocd-division/country:us/state:tx/place:monahans/council_district:2,ocd-division/country:us/state:tx/place:monahans/council_district:no
place:monahans,Ismael Valenzuela,phones,(432) 940-4981,(432) 943-4343
place:monahans,Ismael Valenzuela,division_ocdid,ocd-division/country:us/state:tx/place:monahans/council_district:4,ocd-division/country:us/state:tx/place:monahans/council_district:no
place:monahans,Gerald Stava,phones,(432) 940-7892,(432) 943-4343
place:monahans,Gerald Stava,division_ocdid,ocd-division/country:us/state:tx/place:monahans/council_district:1,ocd-division/country:us/state:tx/place:monahans/council_district:no
place:monahans,Calvin Carrell,phones,(432) 943-5785,(432) 943-4343
place:monahans,Calvin Carrell,division_ocdid,ocd-division/country:us/state:tx/place:monahans/council_district:3,ocd-division/country:us/state:tx/place:monahans/council_district:no
place:monahans,Richard Hawkins,phones,(432) 943-2578,(432) 943-4343
place:monahans,Richard Hawkins,division_ocdid,ocd-division/country:us/state:tx/place:monahans/council_district:5,ocd-division/country:us/state:tx/place:monahans/council_district:no
place:mont_belvieu,Joey McWilliams,phones,(281) 385-7355,(281) 576-2213
place:mont_belvieu,Mike Pomykal,phones,(281) 385-7359,(281) 576-2213
place:mont_belvieu,Tim Duree,phones,(281) 385-7356,(281) 576-2213
place:mont_belvieu,Arnold Peters,phones,(281) 385-7357,(281) 576-2213
place:moulton,Craig Hughes,phones,(281) 686-2610,(361) 596-4621
place:mount_pleasant,Wesley Lyon II,phones,(903) 717-0277,(903) 575-4000
place:mount_vernon,Brad Hyman,phones,(903) 573-3327,(903) 537-2252
place:mount_vernon,Mark Huddleston,phones,(903) 348-0930,(903) 537-2252
place:mount_vernon,Mary Keys,phones,(903) 466-6408,(903) 537-2252
place:mount_vernon,Harold Cason,phones,(903) 285-1564,(903) 537-2252
place:mount_vernon,Martin Carrascosa,phones,(408) 367-9452,(903) 537-2252
place:mount_vernon,Rebecca Bailey,phones,(903) 259-8458,(903) 537-2252
place:muleshoe,Crystal Alarcon,division_ocdid,ocd-division/country:us/state:tx/place:muleshoe/council_district:1,ocd-division/country:us/state:tx/place:muleshoe
place:muleshoe,Jackson Myers,division_ocdid,ocd-division/country:us/state:tx/place:muleshoe/council_district:2,ocd-division/country:us/state:tx/place:muleshoe
place:muleshoe,Austin Atchley,division_ocdid,ocd-division/country:us/state:tx/place:muleshoe/council_district:3,ocd-division/country:us/state:tx/place:muleshoe
place:muleshoe,Gary Parker,division_ocdid,ocd-division/country:us/state:tx/place:muleshoe/council_district:4,ocd-division/country:us/state:tx/place:muleshoe
place:munday,Joyce Sanders,phones,(940) 422-4331,(940) 203-0150
place:nacogdoches,Kathleen Belanger,division_ocdid,ocd-division/country:us/state:tx/place:nacogdoches/ward:northeast,ocd-division/country:us/state:tx/place:nacogdoches
place:nacogdoches,Brad Maule,division_ocdid,ocd-division/country:us/state:tx/place:nacogdoches/ward:northwest,ocd-division/country:us/state:tx/place:nacogdoches
place:nacogdoches,Blane Williams,division_ocdid,ocd-division/country:us/state:tx/place:nacogdoches/ward:southeast,ocd-division/country:us/state:tx/place:nacogdoches
place:nacogdoches,Chad Huckaby,division_ocdid,ocd-division/country:us/state:tx/place:nacogdoches/ward:southwest,ocd-division/country:us/state:tx/place:nacogdoches
place:navasota,Bernie Gessner,phones,(936) 825-6475,(936) 825-6878
place:nederland,Jeff Darby,phones,(409) 853-0911,(409) 723-1514
place:new_braunfels,Neal Linnartz,phones,(210) 660-8421,(830) 221-4006
place:new_braunfels,Toni Carter,phones,(618) 531-1935,(830) 221-4004
place:new_braunfels,Michael Capizzi,phones,(830) 302-6065,(830) 221-4004
place:new_braunfels,D. Lee Edwards,phones,(830) 515-6454,(830) 221-4004
place:new_braunfels,Mary Ann Labowski,phones,(830) 359-0019,(830) 221-4659
place:new_fairview,John R. Taylor,phones,(817) 638-5366 ext. 1015,(817) 638-5366
place:new_fairview,Steven King,phones,(817) 638-5366 ext. 1014,(817) 638-5366
place:new_fairview,Ricky Jones,phones,(817) 638-5366 ext. 1011,(817) 638-5366
place:new_fairview,Peter Kozlowski,phones,(817) 638-5366 ext. 1012,(817) 638-5366
place:new_fairview,Kelly Kena,phones,(817) 638-5366 ext. 1013,(817) 638-5366
place:new_fairview,Alisa Scheps,phones,(817) 638-5366 ext. 1015,(817) 638-5366
place:new_summerfield,Tamara Samford,phones,(979) 587-4819,(903) 726-3651
place:new_summerfield,Brenda Pierce,phones,(903) 284-1407,(903) 726-3651
place:new_summerfield,Nelly Estrada,phones,(903) 343-4242,(903) 726-3651
place:new_summerfield,Don Williams,phones,(903) 539-3109,(903) 726-3651
place:new_summerfield,Ryan Weaver,phones,(903) 707-5883,(903) 726-3651
place:north_richland_hills,Jack McCarty,phones,(817) 427-6060,(817) 427-6000
place:north_richland_hills,Cecille Delaney,phones,(817) 427-6060,(817) 427-6000
place:north_richland_hills,Danny Roberts,phones,(817) 427-6060,(817) 427-6000
place:north_richland_hills,Matt Blake,phones,(817) 427-6060,(817) 427-6000
place:north_richland_hills,Billy Parks,phones,(817) 427-6060,(817) 427-6000
place:odessa,Gilbert Vasquez,phones,(432) 335-3276,(432) 335-4105
place:odessa,Greg Connell,phones,(432) 335-3276,(432) 335-4105
place:odessa,Chris Hanie,phones,(432) 335-3276,(432) 335-4105
place:omaha,Robert A Holland,phones,(903) 884-3379,(903) 884-2302
place:onalaska,James Arnett,phones,(936) 646-5000,(936) 646-5376
place:orange,Brad Childs,division_ocdid,ocd-division/country:us/state:tx/place:orange/district:2,ocd-division/country:us/state:tx/place:orange/council_district:2
place:orange,Matt Chandler,division_ocdid,ocd-division/country:us/state:tx/place:orange/district:1,ocd-division/country:us/state:tx/place:orange/council_district:1
place:orange,Terrie T. Salter,division_ocdid,ocd-division/country:us/state:tx/place:orange/district:3,ocd-division/country:us/state:tx/place:orange
place:orange,Mary McKenna,division_ocdid,ocd-division/country:us/state:tx/place:orange/district:4,ocd-division/country:us/state:tx/place:orange
place:palacios,Larry E. Glenn,phones,(361) 550-7153,(361) 972-3605
place:palacios,Victoria Duran,phones,(361) 237-9561,(361) 972-3605
place:palacios,Raylynn Samora,phones,(361) 655-4324,(361) 972-3605
place:palacios,Donna Schulman,phones,(770) 630-0053,(361) 972-3605
place:palestine,Mitchell Jordan,phones,(903) 221-4591,(903) 731-8400
place:palestine,Sean Conner,phones,(979) 324-5754,(903) 731-8400
place:palestine,Ava Harmon,phones,(903) 391-0086,(903) 731-8400
place:palestine,James Smith,phones,(903) 373-4550,(903) 731-8400
place:palestine,Kenneth Davidson,phones,(903) 394-8063,(903) 731-8400
place:palestine,Angela Woodard,phones,(903) 724-4639,(903) 731-8400
place:palestine,Christopher Gibbs,phones,(817) 564-6892,(903) 731-8400
place:palmview,Ricardo Villarreal,phones,(956) 222-7925,(956) 432-0300
place:palmview,Benito Hernandez,phones,(956) 458-8603,(956) 432-0300
place:palmview,Javier Ramirez,phones,(956) 862-9108,(956) 432-0300
place:palmview,Cesar Pena Jr.,phones,(956) 537-9692,(956) 432-0300
place:pampa,Wendi Horst,division_ocdid,ocd-division/country:us/state:tx/place:pampa/ward:1,ocd-division/country:us/state:tx/place:pampa
place:pampa,Brian Doughty,division_ocdid,ocd-division/country:us/state:tx/place:pampa/ward:2,ocd-division/country:us/state:tx/place:pampa
place:pampa,Jimmy Keough,division_ocdid,ocd-division/country:us/state:tx/place:pampa/ward:3,ocd-division/country:us/state:tx/place:pampa
place:pampa,Jimmy Reed,division_ocdid,ocd-division/country:us/state:tx/place:pampa/ward:4,ocd-division/country:us/state:tx/place:pampa
place:panorama_village,Royce Engler,phones,(936) 856-2821,(936) 217-9733
place:pasadena,Thomas Schoenbein,phones,(713) 475-5545,(713) 475-5501
place:pasadena,Bianca Valerio,phones,(713) 475-7858,(713) 475-5501
place:pasadena,Emmanuel Guerrero,phones,(713) 475-7858,(713) 475-5501
place:pasadena,Jonathan Estrada,phones,(713) 475-7858,(713) 475-5501
place:pasadena,Johnny Fusilier Jr.,phones,(713) 475-7858,(713) 475-5501
place:pasadena,Aaron E. Styron,phones,(713) 475-7858,(713) 475-5501
place:patton_village,Scott Anderson,phones,(281) 689-9511 ext. 120,(281) 689-9511
place:pearland,Kevin Cole,phones,(281) 652-1780,(281) 652-1600
place:pearland,Clint Byrom,phones,(281) 652-1662,(281) 652-1600
place:pearland,Joseph Koza,phones,(281) 652-1662,(281) 652-1600
place:pearland,Tony Carbone,phones,(281) 652-1662,(281) 652-1600
place:pearland,Mona Chavarria,phones,(281) 652-1662,(281) 652-1600
place:pearland,Rick Fernandez,phones,(281) 652-1662,(281) 652-1600
place:pearsall,James Leal,phones,(830) 334-3676,(830) 334-4160
place:pearsall,Racheal Garza,phones,(830) 334-3676,(830) 334-4160
place:pearsall,Sonia Hernandez,phones,(830) 334-3676,(830) 334-4160
place:pearsall,Tiffany Talamantes,phones,(830) 334-3676,(830) 334-4160
place:peaster,Gerald Hobson,phones,(806) 676-2127,(817) 613-7283
place:peaster,Brent Wicker,phones,(817) 597-5941,(817) 613-7283
place:perryton,Kerry Symons,phones,(806) 435-4014 ext. 202,(806) 435-4014
place:perryton,Greg Good,phones,(806) 435-4014 ext. 202,(806) 435-4014
place:perryton,Brad Herring,phones,(806) 435-4014 ext. 202,(806) 435-4014
place:perryton,Brad Kile,phones,(806) 435-4014 ext. 202,(806) 435-4014
place:perryton,Brady Burdick,phones,(806) 435-4014 ext. 202,(806) 435-4014
place:perryton,J Aston,phones,(806) 435-4014 ext. 202,(806) 435-4014
place:pilot_point,Chad Major,phones,(940) 305-3019,(940) 686-2165
place:pilot_point,Andrew Ambrosio,phones,(940) 440-2865,(940) 686-2165
place:pilot_point,Brian Heitzman,phones,(940) 343-1803,(940) 686-2165
place:pilot_point,Everett Cummings,phones,(940) 365-4639,(940) 686-2165
place:pilot_point,Ray Dane,phones,(940) 305-8651,(940) 686-2165
place:pilot_point,Mike Wilson,phones,(940) 365-4556,(940) 686-2165
place:piney_point_village,Joel Bender,phones,(713) 974-3560,(713) 782-0271
place:plantersville,Kimberly Allphin,phones,(936) 236-2000,(936) 446-0012
place:point_comfort,Stephen Lambden,phones,(361) 676-9546,(361) 987-2661
place:point_comfort,Lori Sparks,phones,(361) 553-9185,(361) 987-2661
place:point_comfort,John Warren,phones,(361) 935-3158,(361) 987-2661
place:point_comfort,Cary Kneupper,phones,(361) 920-2279,(361) 987-2661
place:point_comfort,George Hernandez,phones,(361) 746-3660,(361) 987-2661
place:point_comfort,Clint Machicek,phones,(361) 920-0165,(361) 987-2661
place:ponder,Nick McGregor,phones,(940) 479-7012,(940) 479-2396
place:port_arthur,Harold Doucet Sr.,phones,(409) 658-1512,(409) 983-8105
place:port_arthur,"Donald Frank, Sr.",phones,(409) 548-2134,(409) 983-8105
place:port_arthur,"Thomas Kinlaw, III",phones,(409) 460-3071,(409) 983-8105
place:port_arthur,"Willie Lewis, Jr.",phones,(409) 718-0586,(409) 983-8105
place:port_arthur,Doneane Beckcom,division_ocdid,ocd-division/country:us/state:tx/place:port_arthur/council_district:3,ocd-division/country:us/state:tx/place:port_arthur/council_district:4
place:port_lavaca,Jack Whitlow,phones,(361) 552-9793 ext. 221,(361) 552-9793
place:port_lavaca,Daniel Aguirre,phones,(361) 408-3287,(361) 552-9793
place:poteet,Nicholas Sanchez,phones,(830) 276-1353,(830) 742-3574
place:poteet,Jeremy Fernandez,phones,(830) 783-7772,(830) 742-3574
place:poteet,Vanessa Saylor,phones,(830) 742-2423,(830) 742-3574
place:princeton,Bryan Washington,phones,(972) 736-2416,(972) 734-2416
place:princeton,Steven Deffibaugh,phones,(972) 736-2416,(972) 734-2416
place:princeton,Terrance Johnson,phones,(972) 736-2416,(972) 734-2416
place:princeton,Ben Long,phones,(972) 736-2416,(972) 734-2416
place:princeton,Carolyn David-Graves,phones,(972) 736-2416,(972) 734-2416
place:prosper,Chris Kern,phones,(972) 569-1073,(972) 346-2640
place:prosper,Jeff Hodges,phones,(972) 569-1073,(972) 569-1011
place:quintana,Sue Tuley,phones,(682) 804-3816,(979) 233-0848
place:quintana,Steve Alongis,phones,(979) 799-5786,(979) 233-0848
place:ralls,Megan Sue,division_ocdid,ocd-division/country:us/state:tx/place:ralls/ward:1,ocd-division/country:us/state:tx/place:ralls
place:ralls,Yoshabell Rodriguez,division_ocdid,ocd-division/country:us/state:tx/place:ralls/ward:2,ocd-division/country:us/state:tx/place:ralls
place:ralls,Jesus Gonzalez,division_ocdid,ocd-division/country:us/state:tx/place:ralls/ward:3,ocd-division/country:us/state:tx/place:ralls
place:raymondville,Gilbert Gonzales,phones,(956) 642-7546,(956) 689-2443
place:raymondville,Joel Garcia,phones,(956) 746-5018,(956) 689-2443
place:raymondville,Chris Tamez,phones,(956) 642-7936,(956) 689-2443
place:raymondville,Clifton Smith,phones,(956) 642-7362,(956) 689-2443
place:raymondville,Edward Gonzales,phones,(956) 372-3131,(956) 689-2443
place:richland_hills,Curtis Bergthold,phones,(817) 616-3813,(817) 616-3800
place:rockdale,Lin Perry,division_ocdid,ocd-division/country:us/state:tx/place:rockdale/ward:west,ocd-division/country:us/state:tx/place:rockdale
place:rockdale,Brad Caffey,division_ocdid,ocd-division/country:us/state:tx/place:rockdale/ward:west,ocd-division/country:us/state:tx/place:rockdale
place:rockdale,Scott Starnes,division_ocdid,ocd-division/country:us/state:tx/place:rockdale/ward:east,ocd-division/country:us/state:tx/place:rockdale
place:rockdale,Daniel Willie,division_ocdid,ocd-division/country:us/state:tx/place:rockdale/ward:west,ocd-division/country:us/state:tx/place:rockdale
place:rockdale,Esme Ruelas-Olivares,division_ocdid,ocd-division/country:us/state:tx/place:rockdale/ward:east,ocd-division/country:us/state:tx/place:rockdale
place:rockdale,Dave Melton,division_ocdid,ocd-division/country:us/state:tx/place:rockdale/ward:east,ocd-division/country:us/state:tx/place:rockdale
place:rockport,Lowell Timothy Jayroe,phones,(361) 729-2213 ext. 225,(361) 729-2213
place:rockport,Andrea Hattman,phones,(361) 729-2213 ext. 225,(361) 729-2213
place:rockport,Stephanie Rangel,phones,(361) 729-2213 ext. 225,(361) 729-2213
place:rockport,Matt Anderson,phones,(361) 729-2213 ext. 225,(361) 729-2213
place:rockport,Brad Brundrett,phones,(361) 729-2213 ext. 225,(361) 729-2213
place:rosebud,Stacey Maness,division_ocdid,ocd-division/country:us/state:tx/place:rosebud/ward:1,ocd-division/country:us/state:tx/place:rosebud/ward:2
place:rosebud,Owen Smith,division_ocdid,ocd-division/country:us/state:tx/place:rosebud/ward:2,ocd-division/country:us/state:tx/place:rosebud/ward:1
place:rosenberg,William Benton,phones,(979) 398-9742,(832) 595-3340
place:rosenberg,Hector Trevino,phones,(832) 595-3340,(832) 595-3300
place:rosenberg,Richard Olson,phones,(832) 595-3340,(832) 595-3300
place:rosenberg,Steven DeGregorio,phones,(832) 595-3340,(832) 595-3300
place:rosenberg,George A. Zepeda,phones,(832) 595-3340,(832) 595-3300
place:rusk,Martha Neely,phones,(903) 721-9622,(903) 683-2213
place:rusk,Jim Beindorf,phones,(430) 244-3440,(903) 683-2213
place:rusk,Maxine Session,phones,(903) 721-3111,(903) 683-2213
place:rusk,Zack McNew,phones,(903) 216-3939,(903) 683-2213
place:rusk,Frances Long,phones,(903) 312-3371,(903) 683-2213
place:sabinal,Erik Gomez,phones,(830) 988-2218,(830) 279-8612
place:sachse,Jeff Bickerstaff,phones,(214) 869-1884,(972) 495-1212
place:sachse,Brett Franks,phones,(214) 869-1288,(972) 495-1212
place:sachse,Chance Lindsey,phones,(214) 789-0374,(972) 495-1212
place:sachse,Frank Millsap,phones,(469) 934-5251,(972) 495-1212
place:sachse,Lindsay Buhler,phones,(214) 869-1016,(972) 495-1212
place:sachse,Matt Prestenberg,phones,(214) 869-1083,(972) 495-1212
place:sachse,Michelle Howarth,phones,(214) 983-6117,(972) 495-1212
place:san_angelo,Tom Thompson,phones,(325) 315-1380,(325) 657-4241
place:san_angelo,Tommy Hiebert,division_ocdid,ocd-division/country:us/state:tx/place:san_angelo/council_district:1,ocd-division/country:us/state:tx/place:san_angelo
place:san_angelo,Joe Self,phones,(325) 450-6658,(325) 657-4241
place:san_angelo,Joe Self,division_ocdid,ocd-division/country:us/state:tx/place:san_angelo/council_district:2,ocd-division/country:us/state:tx/place:san_angelo
place:san_angelo,Harry Thomas,phones,(325) 301-2584,(325) 657-4241
place:san_angelo,Harry Thomas,division_ocdid,ocd-division/country:us/state:tx/place:san_angelo/council_district:3,ocd-division/country:us/state:tx/place:san_angelo
place:san_angelo,Patrick Keely,phones,(325) 340-2667,(325) 657-4241
place:san_angelo,Patrick Keely,division_ocdid,ocd-division/country:us/state:tx/place:san_angelo/council_district:4,ocd-division/country:us/state:tx/place:san_angelo
place:san_angelo,Karen Hesse Smith,phones,(325) 253-5599,(325) 657-4241
place:san_angelo,Karen Hesse Smith,division_ocdid,ocd-division/country:us/state:tx/place:san_angelo/council_district:5,ocd-division/country:us/state:tx/place:san_angelo
place:san_angelo,Mary Coffey,phones,(325) 812-1592,(325) 657-4241
place:san_angelo,Mary Coffey,division_ocdid,ocd-division/country:us/state:tx/place:san_angelo/council_district:6,ocd-division/country:us/state:tx/place:san_angelo
place:san_antonio,Jalen McKee-Rodriguez,phones,(210) 207-0950,(210) 207-7080
place:san_augustine,Dan Fussell,phones,(936) 275-2121,(936) 275-2371
place:san_marcos,Jane Hughson,phones,(512) 781-8538,(512) 393-8088
place:san_marcos,Alyssa Garza,phones,(956) 744-4081,(512) 393-8000
place:sandy_oaks,"Michael Martinez, Jr.",phones,(210) 870-0219,(210) 607-0834
place:sandy_oaks,Monica Madero,phones,(210) 540-2194,(210) 607-0834
place:sandy_oaks,David Tremblay,phones,(210) 850-3308,(210) 607-0834
place:schertz,Ralph Rodriguez,phones,(210) 619-1040,(210) 619-1000
place:schertz,Allison Heyward,phones,(210) 608-9543,(210) 619-1000
place:schertz,Mark E. Davis,phones,(210) 376-9141,(210) 619-1000
place:schertz,Michelle Watson,phones,(210) 419-8472,(210) 619-1000
place:schertz,Paul Macaluso,phones,(210) 419-4972,(210) 619-1000
place:schertz,Benjamin Guerrero,phones,(210) 917-4681,(210) 619-1000
place:schertz,Robert Westbrook,phones,(210) 846-8768,(210) 619-1000
place:seabrook,Jim Sweeney,phones,(281) 291-5683,(281) 291-5600
place:seadrift,Alysa Jarvis,phones,(713) 703-8662,(361) 785-2251
place:seguin,Donna Dodgen,phones,(830) 401-2307,(830) 401-2468
place:seguin,Joe Rea,phones,(830) 556-1663,(830) 379-3212
place:seguin,Monica Carter,phones,(210) 255-0575,(830) 379-3212
place:seguin,David Eveld,phones,(830) 491-8767,(830) 379-3212
place:seguin,Jim Lievens,phones,(830) 556-2530,(830) 401-2468
place:seguin,John Carlsson,phones,(703) 343-5018,(830) 379-3212
place:seguin,Paul Gaytan,phones,(830) 305-2606,(830) 401-2468
place:seguin,Jason Biesenbach,phones,(830) 832-3962,(830) 401-2468
place:seguin,Bill Keller,phones,(830) 305-0879,(830) 379-3212
place:selma,Tom Daly,phones,(210) 687-6757,(210) 651-6661
place:selma,Ken Polasek,phones,(361) 537-8810,(210) 651-6661
place:selma,Jim Parma,phones,(210) 413-5248,(210) 651-6661
place:selma,Kevin Hadas,phones,(210) 383-3093,(210) 651-6661
place:seminole,Rey Saldana,division_ocdid,ocd-division/country:us/state:tx/place:seminole/district:1,ocd-division/country:us/state:tx/place:seminole/council_district:1
place:seminole,Lloyd Glass,division_ocdid,ocd-division/country:us/state:tx/place:seminole/district:1,ocd-division/country:us/state:tx/place:seminole/council_district:1
place:seminole,Landon Sims,division_ocdid,ocd-division/country:us/state:tx/place:seminole/district:2,ocd-division/country:us/state:tx/place:seminole/council_district:2
place:seminole,Blair Tharp,division_ocdid,ocd-division/country:us/state:tx/place:seminole/district:3,ocd-division/country:us/state:tx/place:seminole/council_district:3
place:seminole,Whitney Concotelli,division_ocdid,ocd-division/country:us/state:tx/place:seminole/district:3,ocd-division/country:us/state:tx/place:seminole/council_district:3
place:seminole,Dustin Wright,division_ocdid,ocd-division/country:us/state:tx/place:seminole/district:2,ocd-division/country:us/state:tx/place:seminole/council_district:2
place:shady_shores,Charles Grimes,phones,(940) 321-3811,(940) 438-0044
place:shenandoah,John Escoto,phones,(832) 585-8154,(281) 298-5522
place:shenandoah,Ron Raymaker,phones,(832) 585-8166,(281) 298-5522
place:shenandoah,"Joe M. Summerlin, Jr.",phones,(832) 585-8167,(281) 298-5522
place:shenandoah,Charlie Bradt,phones,(832) 585-8169,(281) 298-5522
place:shenandoah,Frank W. Robinson,phones,(832) 585-8183,(281) 298-5522
place:sherman,Shawn Teamann,phones,(903) 816-1217,(903) 892-7201
place:sherman,Henry Marroquin,phones,(903) 816-1387,(903) 892-7201
place:sherman,Juston Dobbs,phones,(903) 816-3118,(903) 892-7201
place:sherman,Clay Barnett,phones,(903) 436-5901,(903) 892-7201
place:sherman,Josh Stevenson,phones,(903) 816-1762,(903) 892-7201
place:sherman,Pamela L. Howeth,phones,(903) 816-1535,(903) 892-7201
place:shiner,Gus Jaehne,phones,(361) 798-6263,(361) 594-3362
place:shiner,Gregory Murrile,phones,(979) 257-9570,(361) 594-3362
place:shiner,David Schroeder,phones,(361) 293-1182,(361) 594-3362
place:shiner,Brady Brown,phones,(281) 222-6560,(361) 594-3362
place:shiner,Joey Gamez,phones,(361) 401-0423,(361) 594-3362
place:slaton,Carla Rodriguez,division_ocdid,ocd-division/country:us/state:tx/place:slaton/ward:1,ocd-division/country:us/state:tx/place:slaton
place:snyder,Stephanie Ducheneaux,phones,(325) 436-5427,(325) 573-4957
place:snyder,Sarah Jamison,phones,(325) 207-2883,(325) 573-4957
place:snyder,Carson Matthies,phones,(325) 207-7399,(325) 573-4957
place:snyder,Bill Robertson,phones,(325) 436-1641,(325) 573-4957
place:socorro,Rudy Cruz Jr.,phones,(915) 208-3955,(915) 858-2915
place:socorro,Maria Cordero,phones,(915) 238-8197,(915) 858-2915
place:south_houston,Joe Soto,phones,(713) 539-8760,7139477700x301
place:southlake,Kathy Talley,phones,(817) 748-8016,(817) 748-8001
place:southlake,Randy Robbins,phones,(817) 748-8016,(817) 748-8001
place:southlake,Austin Reynolds,phones,(817) 748-8016,(817) 748-8001
place:southlake,Chuck Taggart,phones,(817) 748-8016,(817) 748-8001
place:southmayd,Matthew Tanner,phones,(903) 815-3238,(903) 868-9420
place:southmayd,Mark Everett,phones,(903) 815-2305,(903) 868-9420
place:southmayd,Teresa Miller,phones,(903) 444-6125,(903) 868-9420
place:spring_valley_village,David Dominy,phones,(713) 816-5000,(713) 465-8308
place:stamford,Robert Wingrove,division_ocdid,ocd-division/country:us/state:tx/place:stamford/council_district:1,ocd-division/country:us/state:tx/place:stamford
place:stamford,Kate Harwood,division_ocdid,ocd-division/country:us/state:tx/place:stamford/council_district:2,ocd-division/country:us/state:tx/place:stamford
place:stamford,Jessica Vaughan,division_ocdid,ocd-division/country:us/state:tx/place:stamford/council_district:3,ocd-division/country:us/state:tx/place:stamford
place:stamford,Dawn Miller,division_ocdid,ocd-division/country:us/state:tx/place:stamford/council_district:4,ocd-division/country:us/state:tx/place:stamford
place:stamford,Paul Wright,division_ocdid,ocd-division/country:us/state:tx/place:stamford/council_district:5,ocd-division/country:us/state:tx/place:stamford
place:stanton,Sally Poteet,phones,(432) 756-3301,(432) 349-2040
place:stanton,Steven Villa,phones,(432) 756-3301,(432) 352-3484
place:stanton,Shawna Barnhill,division_ocdid,ocd-division/country:us/state:tx/place:stanton/council_district:3,ocd-division/country:us/state:tx/place:stanton
place:staples,Lynda Henson,phones,(512) 558-2700,(512) 357-9959
place:sterling_city,George Rodriguez,phones,(325) 450-6608,(325) 378-2811
place:sterling_city,Isaac Rios,phones,(325) 650-9137,(325) 378-2811
place:sterling_city,Carmen Amador,phones,(325) 450-5638,(325) 378-2811
place:sugar_land,Carol McCutcheon,phones,(281) 275-2313,(281) 275-2700
place:sugar_land,Rick Miller,phones,(281) 275-2313,(281) 275-2700
place:sugar_land,Jim Vonderhaar,phones,(281) 275-2313,(281) 275-2700
place:sugar_land,Robert Boettcher,phones,(281) 275-2313,(281) 275-2700
place:sugar_land,Sanjay Singhal,phones,(281) 275-2313,(281) 275-2700
place:surfside_beach,Zach Parsch,phones,(989) 941-7852; (979) 233-1531 ext. 107,(979) 233-1531
place:surfside_beach,Jennie Green-Prats,phones,(979) 236-1390,(979) 233-1531
place:tatum,Michael Henry,phones,(903) 803-3586,(903) 803-3580
place:temple,Tim Davis,phones,(254) 298-5700,(254) 298-5301
place:temple,Jessica Walker,phones,(254) 298-5700,(254) 298-5301
place:temple,Zoe Grant,phones,(254) 298-5700,(254) 421-7930
place:temple,Karl Kuykendall,phones,(254) 298-5700,(254) 298-5301
place:terrell,Mayrani Velazquez,phones,(972) 551-6600,(972) 914-9359
place:texarkana,Jean H. Matlock,phones,(903) 306-8341,(903) 798-3930
place:texarkana,Mary Hart,phones,(903) 559-3187,(903) 798-3930
place:texarkana,Steve Thompson,phones,(903) 559-1640,(903) 798-3930
place:texarkana,Christie Page,phones,(817) 296-4677,(903) 798-3930
place:texarkana,Cole Meador,phones,(903) 276-7440,(903) 798-3930
place:texas_city,"Dedrick Johnson, Sr.",phones,(409) 643-5901,(409) 948-3111
place:texas_city,Thelma Bowie,phones,(409) 643-5902,(409) 948-3111
place:texas_city,"Abel Garza, Jr.",phones,(409) 643-5902,(409) 948-3111
place:texas_city,DeAndre' Knoxson,phones,(409) 643-5902,(409) 948-3111
place:texas_city,Keith Love,phones,(409) 643-5902,(409) 948-3111
place:texas_city,Chris Sharp,phones,(409) 643-5902,(409) 948-3111
place:texas_city,Jami Clark,phones,(409) 643-5902,(409) 948-3111
place:the_colony,Richard Boyer,phones,(972) 624-4440,(972) 625-1756
place:the_colony,Joel Marks,phones,(972) 624-4440,(972) 625-1756
place:the_colony,Joel Marks,division_ocdid,ocd-division/country:us/state:tx/place:the_colony/district:single member,ocd-division/country:us/state:tx/place:the_colony
place:the_colony,Judy Ensweiler,phones,(972) 624-4440,(972) 625-1756
place:the_colony,Robyn Holtz,phones,(972) 624-4440,(972) 625-1756
place:the_colony,Brian Wade,phones,(972) 624-4440,(972) 625-1756
place:the_colony,Brian Wade,division_ocdid,ocd-division/country:us/state:tx/place:the_colony/district:single member,ocd-division/country:us/state:tx/place:the_colony
place:the_colony,Dan Rainey,phones,(972) 624-4440,(972) 625-1756
place:the_colony,Dan Rainey,division_ocdid,ocd-division/country:us/state:tx/place:the_colony/district:single member,ocd-division/country:us/state:tx/place:the_colony
place:the_colony,Perry Schrag,phones,(972) 624-4440,(972) 625-1756
place:the_colony,Perry Schrag,division_ocdid,ocd-division/country:us/state:tx/place:the_colony/district:single member,ocd-division/country:us/state:tx/place:the_colony
place:timbercreek_canyon,Brian Giffin,phones,(806) 676-5345,(806) 622-9336
place:tulia,Dusty George,phones,(806) 995-2797,(806) 995-3547
place:uncertain,Judye Patterson,phones,(214) 763-0986,(903) 789-3233
place:uncertain,George Mueller,phones,(903) 503-3599,(903) 789-3443
place:universal_city,Tom Maxwell,phones,(210) 659-0333 ext. 737,(210) 619-0737
place:universal_city,Christina Fitzpatrick,phones,(210) 659-0333 ext. 734,(210) 619-0734
place:universal_city,Bear Goolsby,phones,(210) 659-0333 ext. 735,(210) 619-0735
place:universal_city,Bernard Rubal,phones,(210) 659-0333 ext. 736,(210) 619-0736
place:universal_city,Lori Putt,phones,(210) 659-0333 ext. 732,(210) 619-0732
place:universal_city,Phil Vaughan,phones,(210) 659-0333 ext. 731,(210) 619-0731
place:universal_city,William Shelby,phones,(210) 659-0333 ext. 733,(210) 659-0333
place:uvalde,Hector R. Luevano,phones,(830) 278-3315 ext. 142,(830) 278-3315
place:uvalde,Ernest Santos,division_ocdid,ocd-division/country:us/state:tx/place:uvalde/district:1,ocd-division/country:us/state:tx/place:uvalde/council_district:1
place:uvalde,"Donald McLaughlin, III",division_ocdid,ocd-division/country:us/state:tx/place:uvalde/district:2,ocd-division/country:us/state:tx/place:uvalde/council_district:2
place:uvalde,Eloisa R. Medina,phones,(830) 278-3315 ext. 142,(830) 278-3315
place:uvalde,Eloisa R. Medina,division_ocdid,ocd-division/country:us/state:tx/place:uvalde/district:3,ocd-division/country:us/state:tx/place:uvalde/council_district:3
place:uvalde,Con Mims,division_ocdid,ocd-division/country:us/state:tx/place:uvalde/district:4,ocd-division/country:us/state:tx/place:uvalde/council_district:4
place:uvalde,Ernest W. King III,division_ocdid,ocd-division/country:us/state:tx/place:uvalde/district:5,ocd-division/country:us/state:tx/place:uvalde/council_district:5
place:valley_mills,Craig Godby,phones,(254) 932-6143,(254) 932-6146
place:van_alstyne,Lee Thomas,phones,(817) 313-1076,(903) 482-5426
place:venus,Alejandro Galaviz,phones,(817) 648-0444,(972) 366-3348
place:venus,Tony Bovinich,phones,(817) 240-4155,(972) 366-3348
place:venus,Teresa Hoffman,phones,(817) 240-2169,(972) 366-3348
place:venus,Sheryl Kiser,phones,(817) 240-5860,(972) 366-3348
place:venus,Michelle Hamm,phones,(817) 240-5138,(972) 366-3348
place:venus,Drew Wilson,phones,(817) 240-5795,(972) 366-3348
place:vernon,Pam Gosline,phones,(214) 762-5514,(940) 552-2581
place:vernon,Don Aydelott,phones,(940) 357-1275,(940) 552-2581
place:vernon,Kimberly Buesing,phones,(940) 357-1156,(940) 552-2581
place:vernon,Michael Burnett,phones,(972) 948-9228,(940) 552-2581
place:vernon,Jason Goodrum,phones,(940) 357-9422,(940) 552-2581
place:vidor,Misty Songe Hart,division_ocdid,ocd-division/country:us/state:tx/place:vidor/ward:6,ocd-division/country:us/state:tx/place:vidor
place:vinton,Rachel Quintana,phones,(915) 886-5104,(915) 213-9826
place:watauga,Arthur L. Miner,phones,(817) 301-4877,(817) 514-5800
place:watauga,Cris Blackburn,phones,(817) 524-8287,(817) 514-5800
place:watauga,Pat Shelbourne,phones,(817) 524-8424,(817) 514-5800
place:watauga,Lovie Downey,phones,(817) 524-8170,(817) 514-5800
place:watauga,Andrew Neal,phones,(817) 524-9944,(817) 514-5800
place:watauga,Mark Taylor,phones,(817) 217-6571,(817) 514-5800
place:watauga,Jan Hill,phones,(682) 888-4393,(817) 514-5800
place:weatherford,Paul Paschall,phones,(817) 598-4242,(817) 598-4102
place:webster,Donna Jasso,phones,(281) 332-1826,(281) 678-4090
place:webster,Beverly A. Gaines,phones,(281) 332-1826,(281) 332-4144
place:weimar,Carlton Tucker,phones,(979) 635-1946,(979) 725-8554
place:weimar,Becky Roberts,phones,(979) 661-3798,(979) 725-8554
place:weimar,Kyle Christen,phones,(979) 661-3803,(979) 725-8554
place:weimar,Ronell Wilson,phones,(979) 709-4505,(979) 725-8554
place:weimar,Rex Kloesel,phones,(979) 709-4503,(979) 725-8554
place:weimar,Kurt Scardino,phones,(979) 709-4508,(979) 725-8554
place:weslaco,Letty Lopez,division_ocdid,ocd-division/country:us/state:tx/place:weslaco/council_district:5,ocd-division/country:us/state:tx/place:weslaco/council_district:2
place:west_columbia,Robert Thomas,phones,(832) 573-2611,(979) 345-3123
place:west_columbia,Rory Burke,phones,(979) 344-0262,(979) 345-3123
place:west_columbia,Lauren Raynes Buchanan,phones,(979) 635-1658,(979) 345-3123
place:west_lake_hills,James Vaughan,phones,(512) 327-3628 ext. 823,(512) 327-3628
place:west_tawakoni,Chris Burkett,phones,(940) 206-8273,(903) 447-2285
place:west_tawakoni,Chad Jacoby,phones,(972) 358-9326,(903) 447-2285
place:west_tawakoni,Ramsey Lindsey,phones,(214) 546-8434,(903) 447-2285
place:west_tawakoni,Gregg Sprinkel,phones,(214) 460-4440,(903) 447-2285
place:west_tawakoni,James Chemplanikal,phones,(469) 337-0073,(903) 447-2285
place:west_university_place,Susan Sample,phones,(713) 662-7468,(713) 668-4441
place:west_university_place,John Barnes,phones,(713) 662-7466,(713) 668-4441
place:west_university_place,Clay Brett,phones,(713) 662-7465,(713) 668-4441
place:west_university_place,John Bertini,phones,(713) 662-7469,(713) 668-4441
place:west_university_place,Kalie Jackura Rainsberger,phones,(713) 662-7466,(713) 668-4441
place:weston_lakes,Bob Wall,phones,(346) 307-2703,(281) 533-0907
place:weston_lakes,Linda Harnist,phones,(346) 307-2701,(713) 419-9120
place:wichita_falls,Whitney Flack,phones,(214) 596-8826,(940) 761-7404
place:wichita_falls,Jeff Browning,phones,(940) 781-1895,(940) 761-7404
place:windcrest,Dan Reese,phones,(210) 419-0099,(210) 655-0022
place:windcrest,Susie Hamilton,phones,(210) 417-7894; (210) 655-0022 ext. 2100,(210) 655-0022
place:windcrest,Cindy Strzelecki,phones,(210) 655-0022 ext. 2100,(210) 655-0022
place:windcrest,Greg Turner,phones,(210) 655-0022 ext. 2100,(210) 655-0022
place:winters,Randy Loudermilk,division_ocdid,ocd-division/country:us/state:tx/place:winters/council_district:2,ocd-division/country:us/state:tx/place:winters
place:winters,Josh Lujano,division_ocdid,ocd-division/country:us/state:tx/place:winters/council_district:4,ocd-division/country:us/state:tx/place:winters
place:woodcreek,Debra Hines,phones,(512) 461-4363,(512) 847-9390
place:woodcreek,Chrys Grummert,phones,(512) 847-9390,(512) 947-7565
place:woodcreek,Linnea R. Bailey,phones,(512) 878-3557,(512) 847-9390
place:woodway,Amine Qourzal,division_ocdid,ocd-division/country:us/state:tx/place:woodway/ward:1,ocd-division/country:us/state:tx/place:woodway
place:woodway,Storey Cook,division_ocdid,ocd-division/country:us/state:tx/place:woodway/ward:2,ocd-division/country:us/state:tx/place:woodway
place:woodway,David Keyston,division_ocdid,ocd-division/country:us/state:tx/place:woodway/ward:1,ocd-division/country:us/state:tx/place:woodway
place:woodway,Dave Whitby,division_ocdid,ocd-division/country:us/state:tx/place:woodway/ward:2,ocd-division/country:us/state:tx/place:woodway
place:woodway,Ken Sury,division_ocdid,ocd-division/country:us/state:tx/place:woodway/ward:3,ocd-division/country:us/state:tx/place:woodway
place:woodway,Janell Gilman,division_ocdid,ocd-division/country:us/state:tx/place:woodway/ward:3,ocd-division/country:us/state:tx/place:woodway
place:wylie,Gino Mulliqi,phones,(972) 516-6010,(972) 516-6000
place:wylie,David R. Duke,phones,(972) 516-6010,(972) 516-6000
place:wylie,Dave Strang,phones,(972) 516-6010,(972) 516-6000
place:wylie,Todd Pickens,phones,(972) 516-6010,(972) 516-6000
place:wylie,Scott Williams,phones,(972) 516-6010,(972) 516-6000
place:wylie,Sid Hoover,phones,(972) 516-6010,(972) 516-6000
place:yantis,"John D. Norris, III",phones,(903) 348-4611,(903) 383-2610
place:yantis,Julie Mattox,phones,(903) 752-1015,(903) 383-2610
place:yantis,Reed Gammill,phones,(903) 383-2302,(903) 383-2610
place:yantis,Gerald Schmidt,phones,(605) 864-8007,(903) 383-2610
place:yantis,Ken Sharp,phones,(903) 440-3238,(903) 383-2610
place:yantis,Steve Judkins,phones,(409) 718-1472,(903) 383-2610
