[
    {
        "state": "co",
        "civicpatch_municipality_count": 271,
        "civicpatch_scrapeable": 250,
        "civicpatch_scraped": 117,
        "civicpatch_scraped_percentage": 46.8,
        "civicpatch_hyperlocal_divisions_count": 180,
        "google_civics_hyperlocal_divisions_count": 208,
        "google_civics_municipality_count": 269,
        "missing_in_civicpatch": {
            "places": [
                {
                    "ocdid": "country:us/state:co/place:raymer_~new_raymer~"
                },
                {
                    "ocdid": "country:us/state:co/place:bonanza"
                },
                {
                    "ocdid": "country:us/state:co/place:central_city"
                }
            ],
            "divisions": [
                "country:us/state:co/county:adams/council_district:1",
                "country:us/state:co/county:adams/council_district:2",
                "country:us/state:co/county:adams/council_district:3",
                "country:us/state:co/county:alamosa/council_district:1",
                "country:us/state:co/county:alamosa/council_district:2",
                "country:us/state:co/county:alamosa/council_district:3",
                "country:us/state:co/county:arapahoe/council_district:1",
                "country:us/state:co/county:arapahoe/council_district:2",
                "country:us/state:co/county:arapahoe/council_district:3",
                "country:us/state:co/county:arapahoe/council_district:4",
                "country:us/state:co/county:arapahoe/council_district:5",
                "country:us/state:co/county:archuleta/council_district:1",
                "country:us/state:co/county:archuleta/council_district:2",
                "country:us/state:co/county:archuleta/council_district:3",
                "country:us/state:co/county:boulder/council_district:1",
                "country:us/state:co/county:boulder/council_district:2",
                "country:us/state:co/county:boulder/council_district:3",
                "country:us/state:co/county:chaffee/council_district:1",
                "country:us/state:co/county:chaffee/council_district:2",
                "country:us/state:co/county:chaffee/council_district:3",
                "country:us/state:co/county:cheyenne/council_district:1",
                "country:us/state:co/county:cheyenne/council_district:2",
                "country:us/state:co/county:cheyenne/council_district:3",
                "country:us/state:co/county:clear_creek/council_district:1",
                "country:us/state:co/county:clear_creek/council_district:2",
                "country:us/state:co/county:clear_creek/council_district:3",
                "country:us/state:co/county:conejos/council_district:1",
                "country:us/state:co/county:conejos/council_district:2",
                "country:us/state:co/county:conejos/council_district:3",
                "country:us/state:co/county:costilla/council_district:1",
                "country:us/state:co/county:costilla/council_district:2",
                "country:us/state:co/county:costilla/council_district:3",
                "country:us/state:co/county:crowley/council_district:1",
                "country:us/state:co/county:crowley/council_district:2",
                "country:us/state:co/county:crowley/council_district:3",
                "country:us/state:co/county:delta/council_district:1",
                "country:us/state:co/county:delta/council_district:2",
                "country:us/state:co/county:delta/council_district:3",
                "country:us/state:co/county:denver/council_district:1",
                "country:us/state:co/county:denver/council_district:10",
                "country:us/state:co/county:denver/council_district:11",
                "country:us/state:co/county:denver/council_district:2",
                "country:us/state:co/county:denver/council_district:3",
                "country:us/state:co/county:denver/council_district:4",
                "country:us/state:co/county:denver/council_district:5",
                "country:us/state:co/county:denver/council_district:6",
                "country:us/state:co/county:denver/council_district:7",
                "country:us/state:co/county:denver/council_district:8",
                "country:us/state:co/county:denver/council_district:9",
                "country:us/state:co/county:dolores/council_district:1",
                "country:us/state:co/county:dolores/council_district:2",
                "country:us/state:co/county:dolores/council_district:3",
                "country:us/state:co/county:douglas/council_district:1",
                "country:us/state:co/county:douglas/council_district:2",
                "country:us/state:co/county:douglas/council_district:3",
                "country:us/state:co/county:eagle/council_district:1",
                "country:us/state:co/county:eagle/council_district:2",
                "country:us/state:co/county:eagle/council_district:3",
                "country:us/state:co/county:el_paso/council_district:1",
                "country:us/state:co/county:el_paso/council_district:2",
                "country:us/state:co/county:el_paso/council_district:3",
                "country:us/state:co/county:el_paso/council_district:4",
                "country:us/state:co/county:el_paso/council_district:5",
                "country:us/state:co/county:elbert/council_district:1",
                "country:us/state:co/county:elbert/council_district:2",
                "country:us/state:co/county:elbert/council_district:3",
                "country:us/state:co/county:fremont/council_district:1",
                "country:us/state:co/county:fremont/council_district:2",
                "country:us/state:co/county:fremont/council_district:3",
                "country:us/state:co/county:garfield/council_district:1",
                "country:us/state:co/county:garfield/council_district:2",
                "country:us/state:co/county:garfield/council_district:3",
                "country:us/state:co/county:gilpin/council_district:1",
                "country:us/state:co/county:gilpin/council_district:2",
                "country:us/state:co/county:gilpin/council_district:3",
                "country:us/state:co/county:grand/council_district:1",
                "country:us/state:co/county:grand/council_district:2",
                "country:us/state:co/county:grand/council_district:3",
                "country:us/state:co/county:gunnison/council_district:1",
                "country:us/state:co/county:gunnison/council_district:2",
                "country:us/state:co/county:gunnison/council_district:3",
                "country:us/state:co/county:huerfano/council_district:1",
                "country:us/state:co/county:huerfano/council_district:2",
                "country:us/state:co/county:huerfano/council_district:3",
                "country:us/state:co/county:jefferson/council_district:1",
                "country:us/state:co/county:jefferson/council_district:2",
                "country:us/state:co/county:jefferson/council_district:3",
                "country:us/state:co/county:kit_carson/council_district:1",
                "country:us/state:co/county:kit_carson/council_district:2",
                "country:us/state:co/county:kit_carson/council_district:3",
                "country:us/state:co/county:la_plata/council_district:1",
                "country:us/state:co/county:la_plata/council_district:2",
                "country:us/state:co/county:la_plata/council_district:3",
                "country:us/state:co/county:larimer/council_district:1",
                "country:us/state:co/county:larimer/council_district:2",
                "country:us/state:co/county:larimer/council_district:3",
                "country:us/state:co/county:las_animas/council_district:1",
                "country:us/state:co/county:las_animas/council_district:2",
                "country:us/state:co/county:las_animas/council_district:3",
                "country:us/state:co/county:logan/council_district:1",
                "country:us/state:co/county:logan/council_district:2",
                "country:us/state:co/county:logan/council_district:3",
                "country:us/state:co/county:mesa/council_district:1",
                "country:us/state:co/county:mesa/council_district:2",
                "country:us/state:co/county:mesa/council_district:3",
                "country:us/state:co/county:moffat/council_district:1",
                "country:us/state:co/county:moffat/council_district:2",
                "country:us/state:co/county:moffat/council_district:3",
                "country:us/state:co/county:montrose/council_district:1",
                "country:us/state:co/county:montrose/council_district:2",
                "country:us/state:co/county:montrose/council_district:3",
                "country:us/state:co/county:morgan/council_district:1",
                "country:us/state:co/county:morgan/council_district:2",
                "country:us/state:co/county:morgan/council_district:3",
                "country:us/state:co/county:otero/council_district:1",
                "country:us/state:co/county:otero/council_district:2",
                "country:us/state:co/county:otero/council_district:3",
                "country:us/state:co/county:ouray/council_district:1",
                "country:us/state:co/county:ouray/council_district:2",
                "country:us/state:co/county:ouray/council_district:3",
                "country:us/state:co/county:park/council_district:1",
                "country:us/state:co/county:park/council_district:2",
                "country:us/state:co/county:park/council_district:3",
                "country:us/state:co/county:pitkin/council_district:1",
                "country:us/state:co/county:pitkin/council_district:2",
                "country:us/state:co/county:pitkin/council_district:3",
                "country:us/state:co/county:pitkin/council_district:4",
                "country:us/state:co/county:pitkin/council_district:5",
                "country:us/state:co/county:prowers/council_district:1",
                "country:us/state:co/county:prowers/council_district:2",
                "country:us/state:co/county:prowers/council_district:3",
                "country:us/state:co/county:pueblo/council_district:1",
                "country:us/state:co/county:pueblo/council_district:2",
                "country:us/state:co/county:pueblo/council_district:3",
                "country:us/state:co/county:routt/council_district:1",
                "country:us/state:co/county:routt/council_district:2",
                "country:us/state:co/county:routt/council_district:3",
                "country:us/state:co/county:san_juan/council_district:1",
                "country:us/state:co/county:san_juan/council_district:2",
                "country:us/state:co/county:san_juan/council_district:3",
                "country:us/state:co/county:san_miguel/council_district:1",
                "country:us/state:co/county:san_miguel/council_district:2",
                "country:us/state:co/county:san_miguel/council_district:3",
                "country:us/state:co/county:sedgwick/council_district:1",
                "country:us/state:co/county:sedgwick/council_district:2",
                "country:us/state:co/county:sedgwick/council_district:3",
                "country:us/state:co/county:summit/council_district:1",
                "country:us/state:co/county:summit/council_district:2",
                "country:us/state:co/county:summit/council_district:3",
                "country:us/state:co/county:teller/council_district:1",
                "country:us/state:co/county:teller/council_district:2",
                "country:us/state:co/county:teller/council_district:3",
                "country:us/state:co/county:weld/council_district:1",
                "country:us/state:co/county:weld/council_district:2",
                "country:us/state:co/county:weld/council_district:3",
                "country:us/state:co/county:yuma/council_district:1",
                "country:us/state:co/county:yuma/council_district:2",
                "country:us/state:co/county:yuma/council_district:3",
                "country:us/state:co/place:centennial/council_district:1",
                "country:us/state:co/place:centennial/council_district:2",
                "country:us/state:co/place:centennial/council_district:3",
                "country:us/state:co/place:centennial/council_district:4"
            ]
        },
        "missing_in_google": {
            "places": [
                {
                    "ocdid": "country:us/state:co/place:keystone"
                },
                {
                    "ocdid": "country:us/state:co/place:central"
                },
                {
                    "ocdid": "country:us/state:co/place:broomfield"
                },
                {
                    "ocdid": "country:us/state:co/place:denver"
                },
                {
                    "ocdid": "country:us/state:co/place:raymer_(new_raymer)"
                }
            ],
            "divisions": [
                "country:us/state:co/place:alamosa/ward:1",
                "country:us/state:co/place:alamosa/ward:2",
                "country:us/state:co/place:alamosa/ward:3",
                "country:us/state:co/place:alamosa/ward:4",
                "country:us/state:co/place:brighton/ward:1",
                "country:us/state:co/place:brighton/ward:2",
                "country:us/state:co/place:brighton/ward:3",
                "country:us/state:co/place:brighton/ward:4",
                "country:us/state:co/place:broomfield/ward:1",
                "country:us/state:co/place:broomfield/ward:2",
                "country:us/state:co/place:broomfield/ward:3",
                "country:us/state:co/place:broomfield/ward:4",
                "country:us/state:co/place:broomfield/ward:5",
                "country:us/state:co/place:brush/ward:1",
                "country:us/state:co/place:brush/ward:2",
                "country:us/state:co/place:brush/ward:3",
                "country:us/state:co/place:castle_rock/council_district:1",
                "country:us/state:co/place:castle_rock/council_district:2",
                "country:us/state:co/place:castle_rock/council_district:3",
                "country:us/state:co/place:castle_rock/council_district:4",
                "country:us/state:co/place:castle_rock/council_district:5",
                "country:us/state:co/place:castle_rock/council_district:6",
                "country:us/state:co/place:cherry_hills_village/council_district:1",
                "country:us/state:co/place:cherry_hills_village/council_district:2",
                "country:us/state:co/place:cherry_hills_village/council_district:3",
                "country:us/state:co/place:cherry_hills_village/council_district:4",
                "country:us/state:co/place:cherry_hills_village/council_district:5",
                "country:us/state:co/place:cherry_hills_village/council_district:6",
                "country:us/state:co/place:commerce_city/ward:1",
                "country:us/state:co/place:commerce_city/ward:2",
                "country:us/state:co/place:commerce_city/ward:3",
                "country:us/state:co/place:commerce_city/ward:4",
                "country:us/state:co/place:delta/council_district:A",
                "country:us/state:co/place:delta/council_district:B",
                "country:us/state:co/place:delta/council_district:C",
                "country:us/state:co/place:denver/council_district:1",
                "country:us/state:co/place:denver/council_district:10",
                "country:us/state:co/place:denver/council_district:11",
                "country:us/state:co/place:denver/council_district:2",
                "country:us/state:co/place:denver/council_district:3",
                "country:us/state:co/place:denver/council_district:4",
                "country:us/state:co/place:denver/council_district:5",
                "country:us/state:co/place:denver/council_district:6",
                "country:us/state:co/place:denver/council_district:7",
                "country:us/state:co/place:denver/council_district:8",
                "country:us/state:co/place:denver/council_district:9",
                "country:us/state:co/place:englewood/council_district:1",
                "country:us/state:co/place:englewood/council_district:2",
                "country:us/state:co/place:englewood/council_district:3",
                "country:us/state:co/place:englewood/council_district:4",
                "country:us/state:co/place:erie/council_district:1",
                "country:us/state:co/place:erie/council_district:2",
                "country:us/state:co/place:erie/council_district:3",
                "country:us/state:co/place:evans/ward:1",
                "country:us/state:co/place:evans/ward:2",
                "country:us/state:co/place:evans/ward:3",
                "country:us/state:co/place:florence/ward:1",
                "country:us/state:co/place:florence/ward:2",
                "country:us/state:co/place:florence/ward:3",
                "country:us/state:co/place:fort_lupton/ward:1",
                "country:us/state:co/place:fort_lupton/ward:2",
                "country:us/state:co/place:fort_lupton/ward:3",
                "country:us/state:co/place:fort_morgan/ward:1",
                "country:us/state:co/place:fort_morgan/ward:2",
                "country:us/state:co/place:fort_morgan/ward:3",
                "country:us/state:co/place:fountain/ward:1",
                "country:us/state:co/place:fountain/ward:2",
                "country:us/state:co/place:fountain/ward:3",
                "country:us/state:co/place:golden/council_district:1",
                "country:us/state:co/place:golden/council_district:2",
                "country:us/state:co/place:golden/ward:1",
                "country:us/state:co/place:golden/ward:2",
                "country:us/state:co/place:golden/ward:3",
                "country:us/state:co/place:golden/ward:4",
                "country:us/state:co/place:greenwood_village/council_district:1",
                "country:us/state:co/place:greenwood_village/council_district:2",
                "country:us/state:co/place:greenwood_village/council_district:3",
                "country:us/state:co/place:greenwood_village/council_district:4",
                "country:us/state:co/place:la_junta/ward:1",
                "country:us/state:co/place:la_junta/ward:2",
                "country:us/state:co/place:la_junta/ward:3",
                "country:us/state:co/place:lamar/ward:1",
                "country:us/state:co/place:lamar/ward:2",
                "country:us/state:co/place:lamar/ward:3",
                "country:us/state:co/place:las_animas/ward:1",
                "country:us/state:co/place:las_animas/ward:2",
                "country:us/state:co/place:las_animas/ward:3",
                "country:us/state:co/place:leadville/ward:1",
                "country:us/state:co/place:leadville/ward:2",
                "country:us/state:co/place:leadville/ward:3",
                "country:us/state:co/place:littleton/council_district:1",
                "country:us/state:co/place:littleton/council_district:2",
                "country:us/state:co/place:littleton/council_district:3",
                "country:us/state:co/place:littleton/council_district:4",
                "country:us/state:co/place:lone_tree/council_district:1",
                "country:us/state:co/place:lone_tree/council_district:2",
                "country:us/state:co/place:louisville/ward:1",
                "country:us/state:co/place:louisville/ward:2",
                "country:us/state:co/place:louisville/ward:3",
                "country:us/state:co/place:manitou_springs/ward:1",
                "country:us/state:co/place:manitou_springs/ward:2",
                "country:us/state:co/place:manitou_springs/ward:3",
                "country:us/state:co/place:montrose/council_district:1",
                "country:us/state:co/place:montrose/council_district:2",
                "country:us/state:co/place:montrose/council_district:3",
                "country:us/state:co/place:montrose/council_district:4",
                "country:us/state:co/place:monument/council_district:1",
                "country:us/state:co/place:monument/council_district:2",
                "country:us/state:co/place:northglenn/ward:1",
                "country:us/state:co/place:northglenn/ward:2",
                "country:us/state:co/place:northglenn/ward:3",
                "country:us/state:co/place:northglenn/ward:4",
                "country:us/state:co/place:rocky_ford/ward:1",
                "country:us/state:co/place:rocky_ford/ward:2",
                "country:us/state:co/place:rocky_ford/ward:3",
                "country:us/state:co/place:salida/ward:1",
                "country:us/state:co/place:salida/ward:2",
                "country:us/state:co/place:salida/ward:3",
                "country:us/state:co/place:steamboat_springs/council_district:1",
                "country:us/state:co/place:steamboat_springs/council_district:2",
                "country:us/state:co/place:steamboat_springs/council_district:3",
                "country:us/state:co/place:sterling/ward:1",
                "country:us/state:co/place:sterling/ward:2",
                "country:us/state:co/place:sterling/ward:3",
                "country:us/state:co/place:wheat_ridge/council_district:1",
                "country:us/state:co/place:wheat_ridge/council_district:2",
                "country:us/state:co/place:wheat_ridge/council_district:3",
                "country:us/state:co/place:wheat_ridge/council_district:4",
                "country:us/state:co/place:windsor/council_district:1",
                "country:us/state:co/place:windsor/council_district:2",
                "country:us/state:co/place:windsor/council_district:3",
                "country:us/state:co/place:windsor/council_district:4",
                "country:us/state:co/place:windsor/council_district:5",
                "country:us/state:co/place:windsor/council_district:6"
            ]
        }
    },
    {
        "state": "wa",
        "civicpatch_municipality_count": 281,
        "civicpatch_scrapeable": 244,
        "civicpatch_scraped": 177,
        "civicpatch_scraped_percentage": 72.54,
        "civicpatch_hyperlocal_divisions_count": 112,
        "google_civics_hyperlocal_divisions_count": 237,
        "google_civics_municipality_count": 281,
        "missing_in_civicpatch": {
            "places": [
                {
                    "ocdid": "country:us/state:wa/place:st_john"
                }
            ],
            "divisions": [
                "country:us/state:wa/county:adams/council_district:1",
                "country:us/state:wa/county:adams/council_district:2",
                "country:us/state:wa/county:adams/council_district:3",
                "country:us/state:wa/county:asotin/council_district:1",
                "country:us/state:wa/county:asotin/council_district:2",
                "country:us/state:wa/county:asotin/council_district:3",
                "country:us/state:wa/county:benton/council_district:1",
                "country:us/state:wa/county:benton/council_district:2",
                "country:us/state:wa/county:benton/council_district:3",
                "country:us/state:wa/county:chelan/council_district:1",
                "country:us/state:wa/county:chelan/council_district:2",
                "country:us/state:wa/county:chelan/council_district:3",
                "country:us/state:wa/county:clallam/council_district:1",
                "country:us/state:wa/county:clallam/council_district:2",
                "country:us/state:wa/county:clallam/council_district:3",
                "country:us/state:wa/county:clark/council_district:1",
                "country:us/state:wa/county:clark/council_district:2",
                "country:us/state:wa/county:clark/council_district:3",
                "country:us/state:wa/county:clark/council_district:4",
                "country:us/state:wa/county:clark/council_district:5",
                "country:us/state:wa/county:columbia/council_district:1",
                "country:us/state:wa/county:columbia/council_district:2",
                "country:us/state:wa/county:columbia/council_district:3",
                "country:us/state:wa/county:cowlitz/council_district:1",
                "country:us/state:wa/county:cowlitz/council_district:2",
                "country:us/state:wa/county:cowlitz/council_district:3",
                "country:us/state:wa/county:douglas/council_district:1",
                "country:us/state:wa/county:douglas/council_district:2",
                "country:us/state:wa/county:douglas/council_district:3",
                "country:us/state:wa/county:ferry/council_district:1",
                "country:us/state:wa/county:ferry/council_district:2",
                "country:us/state:wa/county:ferry/council_district:3",
                "country:us/state:wa/county:franklin/council_district:1",
                "country:us/state:wa/county:franklin/council_district:2",
                "country:us/state:wa/county:franklin/council_district:3",
                "country:us/state:wa/county:garfield/council_district:1",
                "country:us/state:wa/county:garfield/council_district:2",
                "country:us/state:wa/county:garfield/council_district:3",
                "country:us/state:wa/county:grant/council_district:1",
                "country:us/state:wa/county:grant/council_district:2",
                "country:us/state:wa/county:grant/council_district:3",
                "country:us/state:wa/county:grays_harbor/council_district:1",
                "country:us/state:wa/county:grays_harbor/council_district:2",
                "country:us/state:wa/county:grays_harbor/council_district:3",
                "country:us/state:wa/county:island/council_district:1",
                "country:us/state:wa/county:island/council_district:2",
                "country:us/state:wa/county:island/council_district:3",
                "country:us/state:wa/county:jefferson/council_district:1",
                "country:us/state:wa/county:jefferson/council_district:2",
                "country:us/state:wa/county:jefferson/council_district:3",
                "country:us/state:wa/county:king/council_district:1",
                "country:us/state:wa/county:king/council_district:2",
                "country:us/state:wa/county:king/council_district:3",
                "country:us/state:wa/county:king/council_district:4",
                "country:us/state:wa/county:king/council_district:5",
                "country:us/state:wa/county:king/council_district:6",
                "country:us/state:wa/county:king/council_district:7",
                "country:us/state:wa/county:king/council_district:8",
                "country:us/state:wa/county:king/council_district:9",
                "country:us/state:wa/county:kitsap/council_district:1",
                "country:us/state:wa/county:kitsap/council_district:2",
                "country:us/state:wa/county:kitsap/council_district:3",
                "country:us/state:wa/county:kittitas/council_district:1",
                "country:us/state:wa/county:kittitas/council_district:2",
                "country:us/state:wa/county:kittitas/council_district:3",
                "country:us/state:wa/county:klickitat/council_district:1",
                "country:us/state:wa/county:klickitat/council_district:2",
                "country:us/state:wa/county:klickitat/council_district:3",
                "country:us/state:wa/county:lewis/council_district:1",
                "country:us/state:wa/county:lewis/council_district:2",
                "country:us/state:wa/county:lewis/council_district:3",
                "country:us/state:wa/county:lincoln/council_district:1",
                "country:us/state:wa/county:lincoln/council_district:2",
                "country:us/state:wa/county:lincoln/council_district:3",
                "country:us/state:wa/county:mason/council_district:1",
                "country:us/state:wa/county:mason/council_district:2",
                "country:us/state:wa/county:mason/council_district:3",
                "country:us/state:wa/county:okanogan/council_district:1",
                "country:us/state:wa/county:okanogan/council_district:2",
                "country:us/state:wa/county:okanogan/council_district:3",
                "country:us/state:wa/county:pacific/council_district:1",
                "country:us/state:wa/county:pacific/council_district:2",
                "country:us/state:wa/county:pacific/council_district:3",
                "country:us/state:wa/county:pend_oreille/council_district:1",
                "country:us/state:wa/county:pend_oreille/council_district:2",
                "country:us/state:wa/county:pend_oreille/council_district:3",
                "country:us/state:wa/county:pierce/council_district:1",
                "country:us/state:wa/county:pierce/council_district:2",
                "country:us/state:wa/county:pierce/council_district:3",
                "country:us/state:wa/county:pierce/council_district:4",
                "country:us/state:wa/county:pierce/council_district:5",
                "country:us/state:wa/county:pierce/council_district:6",
                "country:us/state:wa/county:pierce/council_district:7",
                "country:us/state:wa/county:skagit/council_district:1",
                "country:us/state:wa/county:skagit/council_district:2",
                "country:us/state:wa/county:skagit/council_district:3",
                "country:us/state:wa/county:skamania/council_district:1",
                "country:us/state:wa/county:skamania/council_district:2",
                "country:us/state:wa/county:skamania/council_district:3",
                "country:us/state:wa/county:snohomish/council_district:1",
                "country:us/state:wa/county:snohomish/council_district:2",
                "country:us/state:wa/county:snohomish/council_district:3",
                "country:us/state:wa/county:snohomish/council_district:4",
                "country:us/state:wa/county:snohomish/council_district:5",
                "country:us/state:wa/county:spokane/council_district:1",
                "country:us/state:wa/county:spokane/council_district:2",
                "country:us/state:wa/county:spokane/council_district:3",
                "country:us/state:wa/county:spokane/council_district:4",
                "country:us/state:wa/county:spokane/council_district:5",
                "country:us/state:wa/county:stevens/council_district:1",
                "country:us/state:wa/county:stevens/council_district:2",
                "country:us/state:wa/county:stevens/council_district:3",
                "country:us/state:wa/county:thurston/council_district:1",
                "country:us/state:wa/county:thurston/council_district:2",
                "country:us/state:wa/county:thurston/council_district:3",
                "country:us/state:wa/county:wahkiakum/council_district:1",
                "country:us/state:wa/county:wahkiakum/council_district:2",
                "country:us/state:wa/county:wahkiakum/council_district:3",
                "country:us/state:wa/county:walla_walla/council_district:1",
                "country:us/state:wa/county:walla_walla/council_district:2",
                "country:us/state:wa/county:walla_walla/council_district:3",
                "country:us/state:wa/county:whatcom/council_district:1",
                "country:us/state:wa/county:whatcom/council_district:2",
                "country:us/state:wa/county:whatcom/council_district:3",
                "country:us/state:wa/county:whatcom/council_district:4",
                "country:us/state:wa/county:whatcom/council_district:5",
                "country:us/state:wa/county:whitman/council_district:1",
                "country:us/state:wa/county:whitman/council_district:2",
                "country:us/state:wa/county:whitman/council_district:3",
                "country:us/state:wa/county:yakima/council_district:1",
                "country:us/state:wa/county:yakima/council_district:2",
                "country:us/state:wa/county:yakima/council_district:3",
                "country:us/state:wa/place:kennewick/ward:1/precinct:645",
                "country:us/state:wa/place:kennewick/ward:1/precinct:646",
                "country:us/state:wa/place:kennewick/ward:1/precinct:650",
                "country:us/state:wa/place:kennewick/ward:1/precinct:651",
                "country:us/state:wa/place:kennewick/ward:1/precinct:655",
                "country:us/state:wa/place:kennewick/ward:1/precinct:656",
                "country:us/state:wa/place:kennewick/ward:1/precinct:657",
                "country:us/state:wa/place:kennewick/ward:1/precinct:660",
                "country:us/state:wa/place:kennewick/ward:1/precinct:663",
                "country:us/state:wa/place:kennewick/ward:1/precinct:664",
                "country:us/state:wa/place:kennewick/ward:1/precinct:665",
                "country:us/state:wa/place:kennewick/ward:1/precinct:667",
                "country:us/state:wa/place:kennewick/ward:1/precinct:668",
                "country:us/state:wa/place:kennewick/ward:1/precinct:669",
                "country:us/state:wa/place:kennewick/ward:1/precinct:670",
                "country:us/state:wa/place:kennewick/ward:1/precinct:674",
                "country:us/state:wa/place:kennewick/ward:1/precinct:675",
                "country:us/state:wa/place:kennewick/ward:1/precinct:676",
                "country:us/state:wa/place:kennewick/ward:1/precinct:680",
                "country:us/state:wa/place:kennewick/ward:1/precinct:681",
                "country:us/state:wa/place:kennewick/ward:1/precinct:682",
                "country:us/state:wa/place:kennewick/ward:1/precinct:683",
                "country:us/state:wa/place:kennewick/ward:1/precinct:685",
                "country:us/state:wa/place:kennewick/ward:1/precinct:686",
                "country:us/state:wa/place:kennewick/ward:1/precinct:690",
                "country:us/state:wa/place:kennewick/ward:1/precinct:691",
                "country:us/state:wa/place:kennewick/ward:2/precinct:560",
                "country:us/state:wa/place:kennewick/ward:2/precinct:565",
                "country:us/state:wa/place:kennewick/ward:2/precinct:570",
                "country:us/state:wa/place:kennewick/ward:2/precinct:574",
                "country:us/state:wa/place:kennewick/ward:2/precinct:575",
                "country:us/state:wa/place:kennewick/ward:2/precinct:580",
                "country:us/state:wa/place:kennewick/ward:2/precinct:585",
                "country:us/state:wa/place:kennewick/ward:2/precinct:590",
                "country:us/state:wa/place:kennewick/ward:2/precinct:595",
                "country:us/state:wa/place:kennewick/ward:2/precinct:600",
                "country:us/state:wa/place:kennewick/ward:2/precinct:601",
                "country:us/state:wa/place:kennewick/ward:2/precinct:605",
                "country:us/state:wa/place:kennewick/ward:2/precinct:610",
                "country:us/state:wa/place:kennewick/ward:2/precinct:615",
                "country:us/state:wa/place:kennewick/ward:2/precinct:620",
                "country:us/state:wa/place:kennewick/ward:2/precinct:625",
                "country:us/state:wa/place:kennewick/ward:2/precinct:626",
                "country:us/state:wa/place:kennewick/ward:2/precinct:630",
                "country:us/state:wa/place:kennewick/ward:2/precinct:633",
                "country:us/state:wa/place:kennewick/ward:2/precinct:634",
                "country:us/state:wa/place:kennewick/ward:2/precinct:635",
                "country:us/state:wa/place:kennewick/ward:2/precinct:636",
                "country:us/state:wa/place:kennewick/ward:2/precinct:637",
                "country:us/state:wa/place:kennewick/ward:2/precinct:638",
                "country:us/state:wa/place:kennewick/ward:2/precinct:639",
                "country:us/state:wa/place:kennewick/ward:2/precinct:640",
                "country:us/state:wa/place:kennewick/ward:2/precinct:641",
                "country:us/state:wa/place:kennewick/ward:3/precinct:500",
                "country:us/state:wa/place:kennewick/ward:3/precinct:505",
                "country:us/state:wa/place:kennewick/ward:3/precinct:510",
                "country:us/state:wa/place:kennewick/ward:3/precinct:511",
                "country:us/state:wa/place:kennewick/ward:3/precinct:515",
                "country:us/state:wa/place:kennewick/ward:3/precinct:516",
                "country:us/state:wa/place:kennewick/ward:3/precinct:520",
                "country:us/state:wa/place:kennewick/ward:3/precinct:525",
                "country:us/state:wa/place:kennewick/ward:3/precinct:530",
                "country:us/state:wa/place:kennewick/ward:3/precinct:535",
                "country:us/state:wa/place:kennewick/ward:3/precinct:540",
                "country:us/state:wa/place:kennewick/ward:3/precinct:545",
                "country:us/state:wa/place:kennewick/ward:3/precinct:550",
                "country:us/state:wa/place:kennewick/ward:3/precinct:551",
                "country:us/state:wa/place:kennewick/ward:3/precinct:552",
                "country:us/state:wa/place:kennewick/ward:3/precinct:553",
                "country:us/state:wa/place:kennewick/ward:3/precinct:555",
                "country:us/state:wa/place:kennewick/ward:3/precinct:556",
                "country:us/state:wa/place:kennewick/ward:3/precinct:557",
                "country:us/state:wa/place:kennewick/ward:3/precinct:558",
                "country:us/state:wa/place:kennewick/ward:3/precinct:559",
                "country:us/state:wa/place:kennewick/ward:3/precinct:560",
                "country:us/state:wa/place:pomeroy/ward:1",
                "country:us/state:wa/place:pomeroy/ward:2",
                "country:us/state:wa/place:pomeroy/ward:3",
                "country:us/state:wa/place:pomeroy/ward:4",
                "country:us/state:wa/place:raymond/ward:1",
                "country:us/state:wa/place:raymond/ward:2",
                "country:us/state:wa/place:raymond/ward:3"
            ]
        },
        "missing_in_google": {
            "places": [
                {
                    "ocdid": "country:us/state:wa/place:st._john"
                }
            ],
            "divisions": [
                "country:us/state:wa/place:anacortes/ward:1",
                "country:us/state:wa/place:anacortes/ward:2",
                "country:us/state:wa/place:anacortes/ward:3",
                "country:us/state:wa/place:bainbridge_island/council_district:1",
                "country:us/state:wa/place:bainbridge_island/council_district:2",
                "country:us/state:wa/place:bainbridge_island/council_district:3",
                "country:us/state:wa/place:bainbridge_island/council_district:4",
                "country:us/state:wa/place:bainbridge_island/council_district:5",
                "country:us/state:wa/place:bainbridge_island/council_district:6",
                "country:us/state:wa/place:bainbridge_island/council_district:7",
                "country:us/state:wa/place:bainbridge_island/ward:Central",
                "country:us/state:wa/place:bainbridge_island/ward:North",
                "country:us/state:wa/place:bainbridge_island/ward:South",
                "country:us/state:wa/place:bellingham/ward:1",
                "country:us/state:wa/place:bellingham/ward:2",
                "country:us/state:wa/place:bellingham/ward:3",
                "country:us/state:wa/place:bellingham/ward:4",
                "country:us/state:wa/place:bellingham/ward:5",
                "country:us/state:wa/place:bellingham/ward:6",
                "country:us/state:wa/place:blaine/ward:1",
                "country:us/state:wa/place:blaine/ward:2",
                "country:us/state:wa/place:blaine/ward:3",
                "country:us/state:wa/place:bremerton/council_district:1",
                "country:us/state:wa/place:bremerton/council_district:2",
                "country:us/state:wa/place:bremerton/council_district:3",
                "country:us/state:wa/place:bremerton/council_district:4",
                "country:us/state:wa/place:bremerton/council_district:5",
                "country:us/state:wa/place:bremerton/council_district:6",
                "country:us/state:wa/place:bremerton/council_district:7",
                "country:us/state:wa/place:camas/ward:1",
                "country:us/state:wa/place:camas/ward:2",
                "country:us/state:wa/place:camas/ward:3",
                "country:us/state:wa/place:centralia/council_district:1",
                "country:us/state:wa/place:centralia/council_district:2",
                "country:us/state:wa/place:centralia/council_district:3",
                "country:us/state:wa/place:centralia/council_district:4",
                "country:us/state:wa/place:chehalis/council_district:1",
                "country:us/state:wa/place:chehalis/council_district:2",
                "country:us/state:wa/place:chehalis/council_district:3",
                "country:us/state:wa/place:chehalis/council_district:4",
                "country:us/state:wa/place:colville/ward:1",
                "country:us/state:wa/place:colville/ward:2",
                "country:us/state:wa/place:colville/ward:3",
                "country:us/state:wa/place:hoquiam/ward:1",
                "country:us/state:wa/place:hoquiam/ward:2",
                "country:us/state:wa/place:hoquiam/ward:3",
                "country:us/state:wa/place:hoquiam/ward:4",
                "country:us/state:wa/place:hoquiam/ward:5",
                "country:us/state:wa/place:hoquiam/ward:6",
                "country:us/state:wa/place:mount_vernon/ward:1",
                "country:us/state:wa/place:mount_vernon/ward:2",
                "country:us/state:wa/place:mount_vernon/ward:3",
                "country:us/state:wa/place:pasco/council_district:1",
                "country:us/state:wa/place:pasco/council_district:2",
                "country:us/state:wa/place:pasco/council_district:3",
                "country:us/state:wa/place:pasco/council_district:4",
                "country:us/state:wa/place:pasco/council_district:5",
                "country:us/state:wa/place:pasco/council_district:6",
                "country:us/state:wa/place:pullman/ward:1",
                "country:us/state:wa/place:pullman/ward:2",
                "country:us/state:wa/place:pullman/ward:3",
                "country:us/state:wa/place:puyallup/council_district:1",
                "country:us/state:wa/place:puyallup/council_district:2",
                "country:us/state:wa/place:puyallup/council_district:3",
                "country:us/state:wa/place:sedro-woolley/ward:1",
                "country:us/state:wa/place:sedro-woolley/ward:2",
                "country:us/state:wa/place:sedro-woolley/ward:3",
                "country:us/state:wa/place:sedro-woolley/ward:4",
                "country:us/state:wa/place:sedro-woolley/ward:5",
                "country:us/state:wa/place:sedro-woolley/ward:6",
                "country:us/state:wa/place:sunnyside/council_district:1",
                "country:us/state:wa/place:sunnyside/council_district:2",
                "country:us/state:wa/place:sunnyside/council_district:3",
                "country:us/state:wa/place:sunnyside/council_district:4",
                "country:us/state:wa/place:walla_walla/ward:Central",
                "country:us/state:wa/place:walla_walla/ward:East",
                "country:us/state:wa/place:walla_walla/ward:South",
                "country:us/state:wa/place:walla_walla/ward:West",
                "country:us/state:wa/place:wenatchee/council_district:1",
                "country:us/state:wa/place:wenatchee/council_district:2",
                "country:us/state:wa/place:wenatchee/council_district:3",
                "country:us/state:wa/place:wenatchee/council_district:4",
                "country:us/state:wa/place:wenatchee/council_district:5",
                "country:us/state:wa/place:yakima/council_district:1",
                "country:us/state:wa/place:yakima/council_district:2",
                "country:us/state:wa/place:yakima/council_district:3",
                "country:us/state:wa/place:yakima/council_district:4",
                "country:us/state:wa/place:yakima/council_district:5",
                "country:us/state:wa/place:yakima/council_district:7"
            ]
        }
    }
]